id,name,brand,type,supportSpp,uuid,minVersion,podsVersion,opsPodsVersion,heyMelodyVersion,aliases,aiClearCall,autoFirmwareUpdate,bassEngineSupport,batteryInfo,callControl,carouselDress,cleanGuide,collectLogs,control,controlAutoVolumeSupport,controlGuideSupport,controlList,customDress,customEqFrequency,customEqMax,customEqUiVersion,customEqualizer,deviceLostRemind,dialogTags,earScan,equalizer,equalizerMode,equalizerModeByVersion,equalizerModeCompat,fastDiscovery,feedback,findDevice,firmwareCheckCommandId,firmwareDiscovery,firmwareFileCheckFlags,firmwareTrack,fitDetection,functionIntroductionGuide,gameMode,gameModeList,gameSoundList,gameSoundMutexes,headSetSoundRecord,hearingEnhancement,hearingEnhancementNew,hearingJudgeDb,heyFindDevice,hideFromUIList,highAudio,highToneQuality,holdInBoxPairing,inBoxStatus,incomingCallControl,introductionGuideList,longPowerMode,longPressType,longPressVolume,minOtaBattery,multiConnectFunctions,multiDevicesConnect,musicControl,newFunctionGuide,noiseReductionMode,noiseReductionUIVersion,openBoxPairing,opsReduction,pairingInBoxCount,pairingModeTip,personalNoise,personalNoiseCompat,promptVolume,promptVolumeRange,related,smartCall,spatialDescriptionType,spatialHiResMutex,spatialTypes,strongNoiseReductionRealTime,supportPinch,swiftPair,tapLevelSetting,tutorialGuide,upgradeMtu,vocalEnhance,voiceCommand,voiceCommandItems,wearDetection,wearingVideoTutorial,whiteNoise,zenMode
067410,OPPO Enco X3,oppo,T1,True,0000079A-D102-11E1-9B23-00025B00A5A5,14008000,14008000,14008000,114008000,,,1,,1,"[{""action"":32,""defaultFunction"":524288,""ear"":2,""showEar"":0,""support"":524800},{""action"":33,""defaultFunction"":262144,""ear"":2,""showEar"":0,""support"":262656},{""action"":34,""ear"":2,""showEar"":0,""support"":131584}]",,1,,"[{""action"":16,""ear"":2,""showEar"":0,""support"":516},{""action"":17,""ear"":2,""showEar"":0,""support"":8805},{""action"":18,""ear"":2,""showEar"":0,""support"":8801},{""action"":5,""ear"":2,""showEar"":0,""support"":3584},{""action"":20,""ear"":2,""showEar"":1}]",1,1,,1,,,,1,,[2],1,4,"[{""modeType"":26,""protocolIndex"":0,""summaryId"":1,""tag"":3},{""modeType"":27,""protocolIndex"":1,""summaryId"":2,""tag"":3},{""modeType"":28,""protocolIndex"":2,""summaryId"":3,""tag"":3},{""modeType"":29,""protocolIndex"":3,""summaryId"":4,""tag"":3},{""modeType"":30,""protocolIndex"":7,""summaryId"":5,""tag"":3}]",,,1,1,,,,,,1,,1,,"[{""packageNameList"":[""com.tencent.tmgp.pubgmhd"",""com.netease.hyxd.nearme.gamecenter"",""com.crisisfire.android.nearme.gamecenter"",""com.netease.cfxf.nearme.gamecenter"",""com.tencent.tmgp.cf"",""com.tencent.tmgp.cod"",""com.netease.lztg.nearme.gamecenter"",""com.yingxiong.heroo.nearme.gamecenter"",""com.tencent.ig""],""type"":3},{""type"":0}]",[1],1,1,,1,1,,,1,,,,,,,,,,1,,,"[{""childrenMode"":[{""modeType"":7,""protocolIndex"":7},{""modeType"":4,""protocolIndex"":4},{""modeType"":8,""protocolIndex"":5},{""modeType"":3,""protocolIndex"":6}],""modeType"":5,""protocolIndex"":1},{""childrenMode"":[{""modeType"":1,""protocolIndex"":3}],""modeType"":1,""protocolIndex"":0},{""childrenMode"":[{""modeType"":2,""protocolIndex"":8},{""modeType"":6,""protocolIndex"":9}],""modeType"":2,""protocolIndex"":2}]",,,,,,,,,,1,,1,1,"[0,1,2]",1,1,,,1,,,,,1,,,
063C10,OPPO Enco X2,oppo,T1,True,0000079A-D102-11E1-9B23-00025B00A5A5,4001200,3007212,4001230,1001214,,,1,,1,"[{""action"":32,""ear"":2,""showEar"":0,""support"":524288},{""action"":33,""ear"":2,""showEar"":0,""support"":262144}]",,,,"[{""action"":16,""ear"":2,""showEar"":0,""support"":612},{""action"":17,""ear"":2,""showEar"":0,""support"":613},{""action"":18,""ear"":2,""showEar"":0,""support"":613},{""action"":5,""ear"":2,""showEar"":0,""support"":3584},{""action"":20,""ear"":2,""showEar"":1}]",,1,,1,,,,,0,,1,1,"[{""modeType"":10,""protocolIndex"":3},{""modeType"":9,""protocolIndex"":0},{""modeType"":6,""protocolIndex"":1},{""modeType"":8,""protocolIndex"":2}]",,"[{""minFirmVersion"":112,""modeType"":16,""order"":1,""protocolIndex"":4}]",1,,,,,,,1,,1,,,,1,1,,,1,0,1,1,,,,,0,,,,,1,,,"[{""childrenMode"":[{""modeType"":7,""protocolIndex"":7},{""modeType"":4,""protocolIndex"":4},{""modeType"":8,""protocolIndex"":5},{""modeType"":3,""protocolIndex"":6}],""modeType"":5,""protocolIndex"":1},{""childrenMode"":[{""modeType"":1,""protocolIndex"":3}],""modeType"":1,""protocolIndex"":0},{""childrenMode"":[{""modeType"":2,""protocolIndex"":8},{""modeType"":6,""protocolIndex"":9}],""modeType"":2,""protocolIndex"":2}]",,,,,,1,,,,1,0,,,,,1,,,,,,1,,1,,,
061410,OPPO Enco X,oppo,T1,True,0000079A-D102-11E1-9B23-00025B00A5A5,4000000,306014,4001230,1001000,,,1,,1,,,,,"[{""action"":2,""ear"":2,""showEar"":0,""support"":612},{""action"":3,""ear"":2,""showEar"":0,""support"":513},{""action"":5,""ear"":2,""showEar"":0,""support"":3584},{""action"":11,""ear"":2,""showEar"":1,""support"":128},{""action"":6,""ear"":2,""showEar"":1,""support"":4608}]",,,,1,,,,,,,,1,"[{""modeType"":5,""protocolIndex"":0},{""modeType"":6,""protocolIndex"":1},{""modeType"":7,""protocolIndex"":2}]",,,1,,,,,,,1,,,,,,,,1,,1,,,1,,,,,,,,,,,,,"[{""modeType"":4,""protocolIndex"":3},{""modeType"":3,""protocolIndex"":2},{""modeType"":1,""protocolIndex"":0},{""modeType"":2,""protocolIndex"":1}]",,,,,,,,,,,,,,,,,,,,,,,,1,,,
06E010,OPPO Enco Clip2,oppo,O1,True,0000079A-D102-11E1-9B23-00025B00A5A5,16005000,,,,OPPO Enco Nobel,1,1,,,"[{""action"":29,""ear"":2,""showEar"":0,""support"":524800},{""action"":30,""ear"":2,""showEar"":0,""support"":131584}]",1,,1,"[{""action"":2,""ear"":2,""showEar"":0,""support"":8805},{""action"":3,""ear"":2,""showEar"":0,""support"":8825},{""action"":5,""ear"":2,""entryStrModify"":[{""summaryVersion"":2,""targetFunction"":1024}],""showEar"":0,""support"":1536}]",1,1,,1,,,,,1,,,4,"[{""modeType"":26,""protocolIndex"":0,""summaryId"":6,""tag"":3},{""modeType"":34,""protocolIndex"":3,""summaryId"":7,""tag"":3},{""modeType"":28,""protocolIndex"":2,""summaryId"":3,""tag"":3},{""modeType"":30,""protocolIndex"":4,""summaryId"":5,""tag"":3}]","[{""minAppVersion"":16009000,""minFirmVersion"":130,""modeType"":41,""order"":5,""protocolIndex"":1,""summaryId"":10,""tag"":3}]",,1,,1,,,7,1,,1,1,,,,,,,,,,,1,,,0,"[2,1,6,12,15,5]",,,,30,"[{""functionType"":""displayPairedDevice"",""minFirmVersion"":0},{""functionType"":""connectDisconnectDevice"",""minFirmVersion"":0},{""functionType"":""unpairDevice"",""minFirmVersion"":0},{""functionType"":""setPriorityDevice"",""minFirmVersion"":0}]",2,,,,,,,1,1,,,1,,1,,2,1,"[0,1]",,,1,,1,,,2,"[1,2,3,4,5,6,9,10]",1,1,1,
06B810,OPPO Enco Clip,oppo,O1,True,0000079A-D102-11E1-9B23-00025B00A5A5,15006000,,,,,1,1,,,"[{""action"":29,""defaultFunction"":524288,""ear"":2,""showEar"":0,""support"":524800},{""action"":30,""ear"":2,""showEar"":0,""support"":131584}]",,,,"[{""action"":2,""ear"":2,""showEar"":0,""support"":8805},{""action"":3,""ear"":2,""showEar"":0,""support"":8825},{""action"":4,""ear"":2,""showEar"":0,""support"":536}]",1,1,,1,,,,,,,,4,"[{""modeType"":35,""protocolIndex"":0,""summaryId"":6},{""modeType"":34,""protocolIndex"":1,""summaryId"":7},{""modeType"":28,""protocolIndex"":2,""summaryId"":3}]","[{""minAppVersion"":15007000,""modeType"":12,""order"":4,""protocolIndex"":3,""summaryId"":9}]",,1,,,,,,,,1,1,,,,,,,,1,,,,,,,"[2,1,4,6,7,9,5]",,,1,30,"[{""functionType"":""displayPairedDevice"",""minFirmVersion"":20},{""functionType"":""connectDisconnectDevice"",""minFirmVersion"":20},{""functionType"":""unpairDevice"",""minFirmVersion"":20}]",1,,,,,,,,1,,,1,,1,,2,,"[0,1]",,,,1,1,,,,,1,1,,
06BC10,OPPO Enco X3s,oppo,T1,True,0000079A-D102-11E1-9B23-00025B00A5A5,15003002,,,,,,1,,1,"[{""action"":29,""defaultFunction"":524288,""ear"":2,""showEar"":0,""support"":524800},{""action"":30,""ear"":2,""showEar"":0,""support"":131584},{""action"":31,""defaultFunction"":262144,""ear"":2,""showEar"":0,""support"":262656}]",,1,,"[{""action"":1,""ear"":2,""showEar"":0,""support"":516},{""action"":2,""ear"":2,""showEar"":0,""support"":8805},{""action"":3,""ear"":2,""showEar"":0,""support"":8801},{""action"":27,""ear"":2,""minSelectCount"":1,""showEar"":0},{""action"":5,""ear"":2,""showEar"":0,""support"":3584}]",1,1,,1,,,,1,,[2],1,4,"[{""modeType"":26,""protocolIndex"":0},{""modeType"":28,""protocolIndex"":1},{""modeType"":29,""protocolIndex"":2},{""modeType"":30,""protocolIndex"":3,""tag"":3}]","[{""minAppVersion"":15011000,""minFirmVersion"":136,""modeType"":40,""order"":5,""protocolIndex"":8,""tag"":3}]",,1,1,,,,,,1,1,1,,,,0,1,,1,1,1,,1,,,,,,,,,,1,,,"[{""childrenMode"":[{""modeType"":4,""protocolIndex"":4},{""modeType"":8,""protocolIndex"":5},{""modeType"":3,""protocolIndex"":6},{""modeType"":7,""protocolIndex"":7}],""modeType"":5,""protocolIndex"":1},{""modeType"":10,""protocolIndex"":11},{""childrenMode"":[{""modeType"":2,""protocolIndex"":8}],""modeType"":2,""protocolIndex"":2},{""childrenMode"":[{""modeType"":1,""protocolIndex"":3}],""modeType"":1,""protocolIndex"":0}]",2,,,,,,,1,,1,,2,1,"[0,1]",1,,,,,,,,,1,,,
066810,OPPO Enco X3i,oppo,T1,True,0000079A-D102-11E1-9B23-00025B00A5A5,14001001,14001001,14001001,14001001,,,1,1,1,"[{""action"":29,""ear"":2,""showEar"":0,""support"":524288},{""action"":31,""ear"":2,""showEar"":0,""support"":262144}]",,1,,"[{""action"":1,""ear"":2,""showEar"":0,""support"":516},{""action"":2,""ear"":2,""showEar"":0,""support"":8805},{""action"":3,""ear"":2,""showEar"":0,""support"":8801},{""action"":27,""ear"":2,""showEar"":0},{""action"":5,""ear"":2,""showEar"":0,""support"":3584}]",1,1,,1,,,,,,,1,2,"[{""modeType"":1,""protocolIndex"":0},{""modeType"":2,""protocolIndex"":1},{""modeType"":3,""protocolIndex"":2}]",,"[{""minFirmVersion"":119,""modeType"":13,""order"":4,""protocolIndex"":3,""tag"":0}]",1,,,,,,,1,,1,,,,0,1,,,1,1,,1,,,,,,,,,,1,,,"[{""childrenMode"":[{""modeType"":7,""protocolIndex"":7},{""modeType"":4,""protocolIndex"":4},{""modeType"":8,""protocolIndex"":5},{""modeType"":3,""protocolIndex"":6}],""modeType"":5,""protocolIndex"":1},{""childrenMode"":[{""modeType"":1,""protocolIndex"":3}],""modeType"":1,""protocolIndex"":0},{""childrenMode"":[{""modeType"":2,""protocolIndex"":8}],""modeType"":2,""protocolIndex"":2}]",,,,,,,,,,1,,2,,"[0,1]",,,,,,,,,,1,,,
068C10,OPPO Enco Free4,oppo,T1,True,0000079A-D102-11E1-9B23-00025B00A5A5,15003002,,,,,,1,,1,"[{""action"":29,""defaultFunction"":524288,""ear"":2,""showEar"":0,""support"":524800},{""action"":30,""ear"":2,""showEar"":0,""support"":131584},{""action"":31,""defaultFunction"":262144,""ear"":2,""showEar"":0,""support"":262656}]",,1,,"[{""action"":1,""ear"":2,""showEar"":0,""support"":516},{""action"":2,""ear"":2,""showEar"":0,""support"":8805},{""action"":3,""ear"":2,""showEar"":0,""support"":8801},{""action"":27,""ear"":2,""minSelectCount"":1,""showEar"":0},{""action"":5,""ear"":2,""showEar"":0,""support"":3584}]",1,1,,1,,,,1,,[2],1,4,"[{""modeType"":26,""protocolIndex"":0},{""modeType"":28,""protocolIndex"":1},{""modeType"":29,""protocolIndex"":2}]",,"[{""minFirmVersion"":118,""modeType"":34,""order"":4,""protocolIndex"":7,""tag"":0}]",1,1,,,,,,1,1,1,,,,0,1,,1,1,,,1,,,,,,,,,,1,,,"[{""childrenMode"":[{""modeType"":4,""protocolIndex"":4},{""modeType"":8,""protocolIndex"":5},{""modeType"":3,""protocolIndex"":6},{""modeType"":7,""protocolIndex"":7}],""modeType"":5,""protocolIndex"":1},{""modeType"":10,""protocolIndex"":11},{""childrenMode"":[{""modeType"":2,""protocolIndex"":8}],""modeType"":2,""protocolIndex"":2},{""childrenMode"":[{""modeType"":1,""protocolIndex"":3}],""modeType"":1,""protocolIndex"":0}]",2,,,,,,,1,,1,,2,1,"[0,1]",1,,,,,,,,,1,,,
06C010,OPPO Enco Free4（丹拿版）,oppo,T1,True,0000079A-D102-11E1-9B23-00025B00A5A5,15003002,,,,,,1,,1,"[{""action"":29,""defaultFunction"":524288,""ear"":2,""showEar"":0,""support"":524800},{""action"":30,""ear"":2,""showEar"":0,""support"":131584},{""action"":31,""defaultFunction"":262144,""ear"":2,""showEar"":0,""support"":262656}]",,1,,"[{""action"":1,""ear"":2,""showEar"":0,""support"":516},{""action"":2,""ear"":2,""showEar"":0,""support"":8805},{""action"":3,""ear"":2,""showEar"":0,""support"":8801},{""action"":27,""ear"":2,""minSelectCount"":1,""showEar"":0},{""action"":5,""ear"":2,""showEar"":0,""support"":3584}]",1,1,,1,,,,1,,[2],1,4,"[{""modeType"":26,""order"":1,""protocolIndex"":0},{""modeType"":28,""order"":2,""protocolIndex"":1},{""modeType"":29,""order"":3,""protocolIndex"":2},{""modeType"":30,""order"":5,""protocolIndex"":3,""tag"":3}]","[{""minAppVersion"":15011000,""minFirmVersion"":136,""modeType"":40,""order"":6,""protocolIndex"":8,""tag"":3}]","[{""minFirmVersion"":118,""modeType"":34,""order"":4,""protocolIndex"":7,""tag"":0}]",1,1,,,,,,1,1,1,,,,0,1,,1,1,,,1,,,,,,,,,,1,,,"[{""childrenMode"":[{""modeType"":4,""protocolIndex"":4},{""modeType"":8,""protocolIndex"":5},{""modeType"":3,""protocolIndex"":6},{""modeType"":7,""protocolIndex"":7}],""modeType"":5,""protocolIndex"":1},{""modeType"":10,""protocolIndex"":11},{""childrenMode"":[{""modeType"":2,""protocolIndex"":8}],""modeType"":2,""protocolIndex"":2},{""childrenMode"":[{""modeType"":1,""protocolIndex"":3}],""modeType"":1,""protocolIndex"":0}]",2,,,,,,,1,,1,,2,1,"[0,1]",1,,,,,,,,,1,,,
066010,OPPO Enco Free3,oppo,T2,True,0000079A-D102-11E1-9B23-00025B00A5A5,4005002,4005002,4005002,4005002,,,1,,1,,,,,"[{""action"":1,""ear"":2,""showEar"":0,""support"":516},{""action"":2,""ear"":2,""showEar"":0,""support"":8805},{""action"":3,""ear"":2,""showEar"":0,""support"":8801},{""action"":6,""ear"":2,""showEar"":0,""support"":536},{""action"":11,""ear"":2,""showEar"":1}]",,1,,1,,,,,,,1,2,"[{""modeType"":1,""protocolIndex"":0},{""modeType"":2,""protocolIndex"":1},{""modeType"":20,""protocolIndex"":2}]",,,1,,,,,,,1,,1,,,,,1,,,1,,1,1,,,,,,,,,,1,,,"[{""childrenMode"":[{""modeType"":7,""protocolIndex"":7},{""modeType"":4,""protocolIndex"":4},{""modeType"":8,""protocolIndex"":5},{""modeType"":3,""protocolIndex"":6}],""modeType"":5,""protocolIndex"":1},{""childrenMode"":[{""modeType"":1,""protocolIndex"":3}],""modeType"":1,""protocolIndex"":0},{""childrenMode"":[{""modeType"":2,""protocolIndex"":8}],""modeType"":2,""protocolIndex"":2}]",,,,,,,"{""minFirmVersion"":150,""personalNoise"":1}",,,1,,2,,"[0,1]",,,,,,,,,,1,,,
062010,OPPO Enco Free2,oppo,T1,True,0000079A-D102-11E1-9B23-00025B00A5A5,4000000,307080,4001230,1001000,,,1,,1,,,,,"[{""action"":1,""ear"":2,""showEar"":0,""support"":516},{""action"":2,""ear"":2,""showEar"":0,""support"":612},{""action"":3,""ear"":2,""showEar"":0,""support"":8705},{""action"":11,""ear"":2,""showEar"":1},{""action"":5,""ear"":2,""showEar"":0,""support"":3584}]",,,,1,,,,,,,,1,"[{""modeType"":1,""protocolIndex"":0},{""modeType"":2,""protocolIndex"":1},{""modeType"":3,""protocolIndex"":2},{""modeType"":4,""protocolIndex"":3}]",,,1,,,,,,,1,,1,,,,,1,,,1,,,,,,,,,,,,,1,,,"[{""modeType"":5,""protocolIndex"":0},{""modeType"":1,""protocolIndex"":1},{""modeType"":2,""protocolIndex"":2},{""decideByEarDevice"":true,""modeType"":6,""protocolIndex"":3}]",,,,,,1,,,,,,,,,,,,,,,,,,1,,,
064010,OPPO Enco Free2i,oppo,T1,True,0000079A-D102-11E1-9B23-00025B00A5A5,4001100,3007200,4001230,1001000,,,1,,1,,,,,"[{""action"":1,""ear"":2,""showEar"":0,""support"":516},{""action"":2,""ear"":2,""showEar"":0,""support"":612},{""action"":3,""ear"":2,""showEar"":0,""support"":8705},{""action"":11,""ear"":2,""showEar"":1},{""action"":5,""ear"":2,""showEar"":0,""support"":3584}]",,,,1,,,,,,,,1,"[{""modeType"":1,""protocolIndex"":0},{""modeType"":2,""protocolIndex"":1},{""modeType"":3,""protocolIndex"":2},{""modeType"":4,""protocolIndex"":3}]",,,1,,,,,,,1,,1,,,,,,,,1,,,,,,,,,,,,,1,,,"[{""modeType"":5,""protocolIndex"":0},{""modeType"":1,""protocolIndex"":1},{""modeType"":2,""protocolIndex"":2},{""decideByEarDevice"":true,""modeType"":6,""protocolIndex"":3}]",,,,,,1,,,,,,,,,,,,,,,,,,1,,,
060410,OPPO Enco Free,oppo,T1,True,00001107-D102-11E1-9B23-00025B00A5A5,4001000,3007200,4001230,1001000,,,1,,1,,,,,"[{""action"":2,""ear"":2,""showEar"":0,""support"":5},{""action"":7},{""action"":8}]",,,,1,,,,,,,,,,,,1,,,,,,,,,,,,,,,,,1,,,,,,,,,,,,,,,,,,,,,,,,,,,,,,,,,,,,,,,,,,,
06C410,OPPO Enco Air5 Pro,oppo,T1,True,0000079A-D102-11E1-9B23-00025B00A5A5,16003000,,,,OPPO Enco Einstein 1 | OPPO Enco Einstein 3,,1,1,1,"[{""action"":29,""ear"":2,""showEar"":0,""support"":524800},{""action"":31,""ear"":2,""showEar"":0,""support"":262656}]",,1,1,"[{""action"":1,""ear"":2,""showEar"":0,""support"":516},{""action"":2,""ear"":2,""showEar"":0,""support"":8805},{""action"":3,""ear"":2,""showEar"":0,""support"":8801},{""action"":5,""ear"":2,""showEar"":0,""support"":3584},{""action"":11,""ear"":2,""showEar"":0}]",,1,,1,"[31,62,125,250,500,1000,2000,4000,8000,16000]",,2,1,,,1,4,"[{""modeType"":26,""protocolIndex"":0},{""modeType"":28,""protocolIndex"":2},{""modeType"":29,""protocolIndex"":1}]",,,1,1,1,,,7,1,1,1,1,,"[{""packageNameList"":[""com.tencent.tmgp.pubgmhd"",""com.tencent.tmgp.codev"",""com.tencent.tmgp.cf"",""com.tencent.tmgp.dfm"",""com.tencent.ig"",""com.dts.freefireth"",""com.activision.callofduty.shooter""],""type"":3},{""type"":0}]","[1,2]",,1,,,,,,1,,,,"[2,1,3,5]",,8833,,,"[{""functionType"":""displayPairedDevice"",""minFirmVersion"":0},{""functionType"":""connectDisconnectDevice"",""minFirmVersion"":0},{""functionType"":""unpairDevice"",""minFirmVersion"":0},{""functionType"":""setPriorityDevice"",""minFirmVersion"":0}]",2,,,"[{""childrenMode"":[{""modeType"":7,""protocolIndex"":7},{""modeType"":4,""protocolIndex"":4},{""modeType"":8,""protocolIndex"":5},{""modeType"":3,""protocolIndex"":6}],""modeType"":5,""protocolIndex"":1},{""childrenMode"":[{""modeType"":1,""protocolIndex"":3}],""modeType"":1,""protocolIndex"":0},{""childrenMode"":[{""modeType"":2,""protocolIndex"":8}],""modeType"":2,""protocolIndex"":2}]",,,,,,,,1,"{""max"":10,""min"":2}",1,,2,1,"[0,1]",1,,1,,,1,,,,1,,1,
06C810,OPPO Enco Air5s,oppo,T1,True,0000079A-D102-11E1-9B23-00025B00A5A5,16006000,,,,OPPO Enco Laplace 1 | OPPO Enco Laplace 2,,1,1,1,"[{""action"":29,""ear"":2,""showEar"":0,""support"":524800},{""action"":31,""ear"":2,""showEar"":0,""support"":262656}]",,1,1,"[{""action"":1,""ear"":2,""showEar"":0,""support"":516},{""action"":2,""ear"":2,""showEar"":0,""support"":8805},{""action"":3,""ear"":2,""showEar"":0,""support"":8801},{""action"":5,""ear"":2,""showEar"":0,""support"":3584},{""action"":11,""ear"":2,""showEar"":0}]",,1,,1,"[31,62,125,250,500,1000,2000,4000,8000,16000]",,2,1,,,1,4,"[{""modeType"":26,""protocolIndex"":0},{""modeType"":28,""protocolIndex"":2},{""modeType"":29,""protocolIndex"":1}]",,,1,1,1,,,7,1,,1,1,,"[{""packageNameList"":[""com.tencent.tmgp.pubgmhd"",""com.tencent.tmgp.codev"",""com.tencent.tmgp.cf"",""com.tencent.tmgp.dfm"",""com.tencent.ig"",""com.dts.freefireth"",""com.activision.callofduty.shooter""],""type"":3},{""type"":0}]","[1,2]",,1,,,,,,1,,,,"[2,1,3,6,5,11]",,8833,,,"[{""functionType"":""displayPairedDevice"",""minFirmVersion"":0},{""functionType"":""connectDisconnectDevice"",""minFirmVersion"":0},{""functionType"":""unpairDevice"",""minFirmVersion"":0},{""functionType"":""setPriorityDevice"",""minFirmVersion"":0}]",2,,,"[{""childrenMode"":[{""intellectNoiseReductionSummary"":1,""modeType"":7,""protocolIndex"":7},{""modeType"":4,""protocolIndex"":4},{""modeType"":3,""protocolIndex"":6,""weakNoiseReductionSummary"":1}],""modeType"":5,""protocolIndex"":1},{""childrenMode"":[{""modeType"":1,""protocolIndex"":3}],""modeType"":1,""protocolIndex"":0},{""childrenMode"":[{""modeType"":2,""protocolIndex"":8}],""modeType"":2,""protocolIndex"":2}]",,,,,,,,1,"{""max"":10,""min"":2}",1,,2,,"[0,1]",1,,1,,,1,,,,1,,1,
06E810,OPPO Enco Air5s（星光版）,oppo,T1,True,0000079A-D102-11E1-9B23-00025B00A5A5,16006000,,,,OPPO Enco Laplace 3,,1,1,1,"[{""action"":29,""ear"":2,""showEar"":0,""support"":524800},{""action"":31,""ear"":2,""showEar"":0,""support"":262656}]",,1,1,"[{""action"":1,""ear"":2,""showEar"":0,""support"":516},{""action"":2,""ear"":2,""showEar"":0,""support"":8805},{""action"":3,""ear"":2,""showEar"":0,""support"":8801},{""action"":5,""ear"":2,""showEar"":0,""support"":3584},{""action"":11,""ear"":2,""showEar"":0}]",,1,,1,"[31,62,125,250,500,1000,2000,4000,8000,16000]",,2,1,,,1,4,"[{""modeType"":26,""protocolIndex"":0},{""modeType"":28,""protocolIndex"":2},{""modeType"":29,""protocolIndex"":1}]",,,1,1,1,,,7,1,,1,1,,"[{""packageNameList"":[""com.tencent.tmgp.pubgmhd"",""com.tencent.tmgp.codev"",""com.tencent.tmgp.cf"",""com.tencent.tmgp.dfm"",""com.tencent.ig"",""com.dts.freefireth"",""com.activision.callofduty.shooter""],""type"":3},{""type"":0}]","[1,2]",,1,,,,,,1,,,,"[2,1,3,6,5,11]",,8833,,,"[{""functionType"":""displayPairedDevice"",""minFirmVersion"":0},{""functionType"":""connectDisconnectDevice"",""minFirmVersion"":0},{""functionType"":""unpairDevice"",""minFirmVersion"":0},{""functionType"":""setPriorityDevice"",""minFirmVersion"":0}]",2,,,"[{""childrenMode"":[{""intellectNoiseReductionSummary"":1,""modeType"":7,""protocolIndex"":7},{""modeType"":4,""protocolIndex"":4},{""modeType"":3,""protocolIndex"":6,""weakNoiseReductionSummary"":1}],""modeType"":5,""protocolIndex"":1},{""childrenMode"":[{""modeType"":1,""protocolIndex"":3}],""modeType"":1,""protocolIndex"":0},{""childrenMode"":[{""modeType"":2,""protocolIndex"":8}],""modeType"":2,""protocolIndex"":2}]",,,,,,,,1,"{""max"":10,""min"":2}",1,,2,,"[0,1]",1,,1,,,1,,,,1,,1,
06D810,OPPO Enco Air5,oppo,T1,True,0000079A-D102-11E1-9B23-00025B00A5A5,16006002,,,,OPPO Enco ohm DO | OPPO Enco ohm EX | OPPO Enco ohm,,1,,1,"[{""action"":29,""ear"":2,""showEar"":0,""support"":524800},{""action"":31,""ear"":2,""showEar"":0,""support"":262656}]",,1,1,"[{""action"":1,""ear"":2,""showEar"":0,""support"":516},{""action"":2,""ear"":2,""showEar"":0,""support"":8805},{""action"":3,""ear"":2,""showEar"":0,""support"":8801},{""action"":6,""ear"":2,""entryStrModify"":[{""categoryVersion"":2}],""showEar"":0,""support"":536},{""action"":11,""ear"":2,""showEar"":0}]",,,,1,"[31,62,125,250,500,1000,2000,4000,8000,16000]",,2,1,,,1,4,"[{""modeType"":26,""protocolIndex"":0},{""modeType"":28,""protocolIndex"":1},{""modeType"":29,""protocolIndex"":2}]",,,1,1,1,,,7,,1,,1,,"[{""packageNameList"":[""com.tencent.tmgp.pubgmhd"",""com.tencent.tmgp.codev"",""com.tencent.tmgp.cf"",""com.tencent.tmgp.dfm"",""com.tencent.ig"",""com.dts.freefireth"",""com.activision.callofduty.shooter"",""com.garena.game.codm""],""type"":3},{""type"":0}]",[1],,1,,,,,,,,,,"[2,3,6,5]",,8833,,,"[{""functionType"":""displayPairedDevice"",""minFirmVersion"":0},{""functionType"":""connectDisconnectDevice"",""minFirmVersion"":0},{""functionType"":""unpairDevice"",""minFirmVersion"":0}]",2,,0,"[{""childrenMode"":[{""modeType"":7,""protocolIndex"":7},{""modeType"":4,""protocolIndex"":4},{""modeType"":8,""protocolIndex"":5},{""modeType"":3,""protocolIndex"":6}],""modeType"":5,""protocolIndex"":1},{""childrenMode"":[{""modeType"":1,""protocolIndex"":3}],""modeType"":1,""protocolIndex"":0},{""childrenMode"":[{""modeType"":2,""protocolIndex"":8}],""modeType"":2,""protocolIndex"":2}]",,,,,,,,1,,1,,2,,"[0,1]",1,,1,,,,,,,1,,1,
067C10,OPPO Enco Air4 Pro,oppo,T1,True,0000079A-D102-11E1-9B23-00025B00A5A5,14004000,14004000,14004000,114004000,,,1,,1,"[{""action"":29,""ear"":2,""showEar"":0,""support"":524288},{""action"":31,""ear"":2,""showEar"":0,""support"":262144}]",,,,"[{""action"":1,""ear"":2,""showEar"":0,""support"":516},{""action"":2,""ear"":2,""showEar"":0,""support"":8805},{""action"":3,""ear"":2,""showEar"":0,""support"":8801},{""action"":6,""ear"":2,""showEar"":0,""support"":536},{""action"":11,""ear"":2,""showEar"":1}]",,1,,1,,,,,,,1,2,"[{""modeType"":1,""protocolIndex"":0},{""modeType"":2,""protocolIndex"":1},{""modeType"":3,""protocolIndex"":2}]",,,1,1,,,,,,1,,1,,,,,1,,,1,,,1,,,,,,,,,,1,,,"[{""childrenMode"":[{""modeType"":7,""protocolIndex"":7},{""modeType"":4,""protocolIndex"":4},{""modeType"":8,""protocolIndex"":5},{""modeType"":3,""protocolIndex"":6}],""modeType"":5,""protocolIndex"":1},{""childrenMode"":[{""modeType"":1,""protocolIndex"":3}],""modeType"":1,""protocolIndex"":0},{""childrenMode"":[{""modeType"":2,""protocolIndex"":8}],""modeType"":2,""protocolIndex"":2}]",,,,,,1,"{""minFirmVersion"":150,""personalNoise"":1}",,,1,,2,,"[0,1]",,,,,,,,,,1,,,
06F010,OPPO Enco Air4s,oppo,T1,True,0000079A-D102-11E1-9B23-00025B00A5A5,16007000,,,,,,1,,1,"[{""action"":29,""ear"":2,""showEar"":0,""support"":524288},{""action"":31,""ear"":2,""showEar"":0,""support"":262144}]",,,,"[{""action"":1,""ear"":2,""showEar"":0,""support"":516},{""action"":2,""ear"":2,""showEar"":0,""support"":8805},{""action"":3,""ear"":2,""showEar"":0,""support"":8801},{""action"":6,""ear"":2,""showEar"":0,""support"":536},{""action"":11,""ear"":2,""minSelectCount"":1,""showEar"":1}]",,1,,1,,,,,,,1,2,"[{""modeType"":1,""protocolIndex"":0},{""modeType"":2,""protocolIndex"":1},{""modeType"":3,""protocolIndex"":2}]",,,1,1,,,,,,,,1,,,,,1,,,1,1,,,,,,,,,,,,1,,,"[{""modeType"":5,""protocolIndex"":0},{""modeType"":1,""protocolIndex"":1},{""modeType"":2,""protocolIndex"":2}]",,,,,,,,,,1,,2,,"[0,1]",,,,,,,,,,,,,
06B050,OPPO Enco Air4（新声版）,oppo,T2,True,0000079A-D102-11E1-9B23-00025B00A5A5,15006000,,,,,,1,,1,"[{""action"":29,""defaultFunction"":524288,""ear"":2,""showEar"":0,""support"":524800},{""action"":31,""defaultFunction"":262144,""ear"":2,""showEar"":0,""support"":262656}]",,,,"[{""action"":1,""ear"":2,""showEar"":0,""support"":516},{""action"":2,""ear"":2,""showEar"":0,""support"":8805},{""action"":3,""ear"":2,""showEar"":0,""support"":8801},{""action"":6,""ear"":2,""showEar"":0,""support"":536}]",,1,,1,,,,,,,,3,"[{""modeType"":22,""protocolIndex"":0},{""modeType"":31,""protocolIndex"":2},{""modeType"":32,""protocolIndex"":1}]",,,1,,,,,,,,,1,,,,,,,,1,,,,1,,,,,,,,,1,,,,,1,,,,,,1,,1,,2,,"[0,1]",,,,,,,,,,,,,
069010,OPPO Enco Air4,oppo,T1,True,0000079A-D102-11E1-9B23-00025B00A5A5,14008000,14008000,14008000,114008000,,,1,,1,"[{""action"":29,""ear"":2,""showEar"":0,""support"":524288},{""action"":31,""ear"":2,""showEar"":0,""support"":262144}]",,,,"[{""action"":1,""ear"":2,""showEar"":0,""support"":516},{""action"":2,""ear"":2,""showEar"":0,""support"":8805},{""action"":3,""ear"":2,""showEar"":0,""support"":8801},{""action"":6,""ear"":2,""showEar"":0,""support"":536},{""action"":11,""ear"":2,""minSelectCount"":1,""showEar"":1}]",,1,,1,,,,,,,1,2,"[{""modeType"":1,""protocolIndex"":0},{""modeType"":2,""protocolIndex"":1},{""modeType"":3,""protocolIndex"":2}]",,,1,1,,,,,,,,1,,,,,1,,,1,,,,,,,,,,,,,1,,,"[{""modeType"":5,""protocolIndex"":0},{""modeType"":1,""protocolIndex"":1},{""modeType"":2,""protocolIndex"":2}]",,,,,,,,,,1,,2,,"[0,1]",,,,,,,,,,,,,
065C10,OPPO Enco Air3 Pro,oppo,T2,True,0000079A-D102-11E1-9B23-00025B00A5A5,4005002,4005002,4005002,4005002,,,1,,1,,,,,"[{""action"":1,""ear"":2,""showEar"":0,""support"":516},{""action"":2,""ear"":2,""showEar"":0,""support"":8805},{""action"":3,""ear"":2,""showEar"":0,""support"":8801},{""action"":6,""ear"":2,""showEar"":0,""support"":536},{""action"":11,""ear"":2,""showEar"":1}]",,1,,1,,,,,,,1,2,"[{""modeType"":1,""protocolIndex"":0},{""modeType"":2,""protocolIndex"":1},{""modeType"":20,""protocolIndex"":2}]",,,1,,,,,,,1,,1,,,,,1,,,1,1,1,1,,,,,,,,,,1,,,"[{""childrenMode"":[{""modeType"":7,""protocolIndex"":7},{""modeType"":4,""protocolIndex"":4},{""modeType"":8,""protocolIndex"":5},{""modeType"":3,""protocolIndex"":6}],""modeType"":5,""protocolIndex"":1},{""childrenMode"":[{""modeType"":1,""protocolIndex"":3}],""modeType"":1,""protocolIndex"":0},{""childrenMode"":[{""modeType"":2,""protocolIndex"":8}],""modeType"":2,""protocolIndex"":2}]",,,,,,,"{""minFirmVersion"":150,""personalNoise"":1}",,,1,,2,,"[0,1]",,,,,,,,,,1,,,
064C10,OPPO Enco Air3,oppo,T2,True,0000079A-D102-11E1-9B23-00025B00A5A5,4003000,4003000,4003000,4003000,,,1,,1,,,,,"[{""action"":1,""ear"":2,""showEar"":0,""support"":516},{""action"":2,""ear"":2,""showEar"":0,""support"":8805},{""action"":3,""ear"":2,""showEar"":0,""support"":8801},{""action"":4,""ear"":2,""showEar"":0,""support"":536}]",,1,,1,,,,,,,,2,"[{""modeType"":1,""protocolIndex"":0},{""modeType"":2,""protocolIndex"":1},{""modeType"":3,""protocolIndex"":2}]",,,1,,,,,,,,,1,,,,,,,,1,,,,,,,,,,,,,1,,,,,,,,,,,,,1,,2,,"[0,1]",,,,,,,,,,,,,
067010,OPPO Enco Air3i,oppo,T2,True,0000079A-D102-11E1-9B23-00025B00A5A5,4008000,4008000,4008000,4008000,,,,,1,,,,,"[{""action"":1,""ear"":2,""showEar"":0,""support"":516},{""action"":2,""ear"":2,""showEar"":0,""support"":8805},{""action"":3,""ear"":2,""showEar"":0,""support"":8801},{""action"":4,""ear"":2,""showEar"":0,""support"":536}]",,1,,1,,,,,,,,2,"[{""modeType"":1,""protocolIndex"":0},{""modeType"":2,""protocolIndex"":1},{""modeType"":3,""protocolIndex"":2}]",,,1,,,,,,,,,1,,,,,,,,,1,,,,0,,,,,,,,,,,,,,,,,,,,,1,,2,,"[0,1]",,,,,,,,,,,,,
067810,OPPO Enco Air3s,oppo,T2,True,0000079A-D102-11E1-9B23-00025B00A5A5,14000000,14000000,14000000,14000000,,,1,,1,,,,,"[{""action"":1,""ear"":2,""showEar"":0,""support"":516},{""action"":2,""ear"":2,""showEar"":0,""support"":8805},{""action"":3,""ear"":2,""showEar"":0,""support"":8801},{""action"":4,""ear"":2,""showEar"":0,""support"":536}]",,1,,1,,,,,,,,2,"[{""modeType"":1,""protocolIndex"":0},{""modeType"":2,""protocolIndex"":1},{""modeType"":3,""protocolIndex"":2}]",,,1,,,,,,,,,1,,,,,,,,1,1,,,,,,,,,,,,1,,,,,,,,,,,,,1,,2,,"[0,1]",,,,,,,,,,,,,
063810,OPPO Enco Air2 Pro,oppo,T2,True,0000079A-D102-11E1-9B23-00025B00A5A5,4001230,3007230,4001230,1002000,,,1,,1,,,,,"[{""action"":1,""ear"":2,""showEar"":0,""support"":516},{""action"":2,""ear"":2,""showEar"":0,""support"":33380},{""action"":3,""ear"":2,""showEar"":0,""support"":41473},{""action"":6,""ear"":2,""showEar"":0,""support"":4632},{""action"":11,""ear"":2,""showEar"":1}]",,1,,1,,,,,,,,2,"[{""modeType"":1,""protocolIndex"":0},{""modeType"":2,""protocolIndex"":1},{""modeType"":3,""protocolIndex"":2}]",,,1,,,,,,,,,1,,,,,,,,1,,,,,,,,,,,,,,,,"[{""modeType"":5,""protocolIndex"":0},{""modeType"":1,""protocolIndex"":1},{""modeType"":2,""protocolIndex"":2},{""decideByEarDevice"":true,""modeType"":6,""protocolIndex"":3}]",,,,,,,,,,1,,,,,,,,,,,,,,1,,,
066C10,OPPO Enco Air2（新声版）,oppo,T2,True,0000079A-D102-11E1-9B23-00025B00A5A5,4008000,4008000,4008000,4008000,,,,,1,,,,,"[{""action"":1,""ear"":2,""showEar"":0,""support"":516},{""action"":2,""ear"":2,""showEar"":0,""support"":8805},{""action"":3,""ear"":2,""showEar"":0,""support"":8801},{""action"":4,""ear"":2,""showEar"":0,""support"":536}]",,1,,1,,,,,,,,2,"[{""modeType"":1,""protocolIndex"":0},{""modeType"":2,""protocolIndex"":1},{""modeType"":3,""protocolIndex"":2}]",,,1,,,,,,,,,1,,,,,,,,,,,,,0,,,,,,,,,,,,,,,,,,,,,1,,2,,"[0,1]",,,,,,,,,,,,,
063410,OPPO Enco Air2,oppo,T2,True,0000079A-D102-11E1-9B23-00025B00A5A5,4001100,3007200,4001230,1001004,,,1,,1,,,,,"[{""action"":2,""ear"":2,""showEar"":0,""support"":612},{""action"":3,""ear"":2,""showEar"":0,""support"":8705},{""action"":4,""ear"":2,""showEar"":0,""support"":536}]",,1,"[{""control"":[{""action"":1,""ear"":2,""showEar"":0,""support"":516},{""action"":2,""ear"":2,""showEar"":0,""support"":8805},{""action"":3,""ear"":2,""showEar"":0,""support"":8801},{""action"":4,""ear"":2,""showEar"":0,""support"":536}],""version"":120}]",1,,,,,,,,1,"[{""modeType"":1,""protocolIndex"":0},{""modeType"":2,""protocolIndex"":1},{""modeType"":3,""protocolIndex"":2}]",,,1,,,,,,,,,1,,,,,,,,,,,,,,,,,,,,,,,,,,,,,,,,,,1,,,,,,,,,,,,,,,,,
069850,OPPO Enco Air4i,oppo,T2,True,0000079A-D102-11E1-9B23-00025B00A5A5,15003002,,,,,,1,,1,"[{""action"":29,""defaultFunction"":524288,""ear"":2,""showEar"":0,""support"":524800},{""action"":31,""defaultFunction"":262144,""ear"":2,""showEar"":0,""support"":262656}]",,,,"[{""action"":1,""ear"":2,""showEar"":0,""support"":516},{""action"":2,""ear"":2,""showEar"":0,""support"":8805},{""action"":3,""ear"":2,""showEar"":0,""support"":8801},{""action"":6,""ear"":2,""showEar"":0,""support"":536}]",,1,,1,,,,1,,,,4,"[{""modeType"":22,""protocolIndex"":0},{""modeType"":31,""protocolIndex"":2},{""modeType"":32,""protocolIndex"":1}]",,,1,,,0,,,,,,1,,"[{""packageNameList"":[""com.tencent.tmgp.pubgmhd"",""com.netease.hyxd.nearme.gamecenter"",""com.crisisfire.android.nearme.gamecenter"",""com.netease.cfxf.nearme.gamecenter"",""com.tencent.tmgp.cf"",""com.tencent.tmgp.cod"",""com.netease.lztg.nearme.gamecenter"",""com.yingxiong.heroo.nearme.gamecenter"",""com.tencent.ig""],""type"":3},{""type"":0}]",[1],,,,,1,,,,1,,,,,,,,,1,,,,,1,,,5,,,1,,1,,2,,"[0,1]",,,,,,,,,,,,,
068810,OPPO Enco Air 3i,oppo,T2,True,0000079A-D102-11E1-9B23-00025B00A5A5,14004000,14004000,14004000,14004000,,,,,1,,,,,"[{""action"":1,""ear"":2,""showEar"":0,""support"":516},{""action"":2,""ear"":2,""showEar"":0,""support"":8805},{""action"":3,""ear"":2,""showEar"":0,""support"":8801},{""action"":4,""ear"":2,""showEar"":0,""support"":536}]",,1,,1,,,,,,,,2,"[{""modeType"":1,""protocolIndex"":0},{""modeType"":2,""protocolIndex"":1},{""modeType"":3,""protocolIndex"":2}]",,,1,,,,,,,,,1,,,,,,,,,,,,,,,,,,,,,,,,,,,,,,,,,,1,,,,,,,,,,,,,,,,,
064410,OPPO Enco Air2i,oppo,T2,True,0000079A-D102-11E1-9B23-00025B00A5A5,4001250,3007250,4001250,1002250,,,,,1,,,,,"[{""action"":1,""ear"":2,""showEar"":0,""support"":516},{""action"":2,""ear"":2,""showEar"":0,""support"":8805},{""action"":3,""ear"":2,""showEar"":0,""support"":8801},{""action"":4,""ear"":2,""showEar"":0,""support"":536}]",,1,,1,,,,,,,,2,"[{""modeType"":1,""protocolIndex"":0},{""modeType"":2,""protocolIndex"":1},{""modeType"":3,""protocolIndex"":2}]",,,1,,,,,,,,,1,,,,,,,,,,,,,,,,,,,,,,,,,,,,,,,,,,1,,,,,,,,,,,,,,,,,
061810,OPPO Enco Air,oppo,T2,True,0000079A-D102-11E1-9B23-00025B00A5A5,4000000,307068,4001230,1001000,,,1,,1,,,,,"[{""action"":2,""ear"":2,""showEar"":0,""support"":613},{""action"":3,""ear"":2,""showEar"":0,""support"":8705},{""action"":4,""ear"":2,""showEar"":0,""support"":536},{""action"":13}]",,,,1,,,,,,,,,,,,1,,,,,,,,,,,,,,,,,1,,,,,0,,,,,,,,,,,,,,,,,,,,,,,,,,,,,,,,,,,,,,
062810,OPPO Enco Air Lite,oppo,T2,True,0000079A-D102-11E1-9B23-00025B00A5A5,4001000,3007200,4001230,1001000,,,1,,1,,,,,"[{""action"":1,""ear"":2,""showEar"":0,""support"":516},{""action"":2,""ear"":2,""showEar"":0,""support"":612},{""action"":3,""ear"":2,""showEar"":0,""support"":8705},{""action"":4,""ear"":2,""showEar"":0,""support"":536},{""action"":12}]",,,,1,,,,,,,,,,,,1,,,,,,,,,1,,,,,,,,,,,,,,,,,,,,,,,,,,0,,,,,,,,,,,,,,,,,,,,,,,,,
06B450,OPPO Enco R5,oppo,T2,True,0000079A-D102-11E1-9B23-00025B00A5A5,16003000,,,,OPPO Enco xiapu OF,,1,,1,"[{""action"":29,""defaultFunction"":524288,""ear"":2,""showEar"":0,""support"":524800},{""action"":31,""defaultFunction"":262144,""ear"":2,""showEar"":0,""support"":262656}]",,,1,"[{""action"":1,""ear"":2,""showEar"":0,""support"":516},{""action"":2,""ear"":2,""showEar"":0,""support"":8805},{""action"":3,""ear"":2,""showEar"":0,""support"":8801},{""action"":6,""ear"":2,""showEar"":0,""support"":536}]",,1,,1,,,,,,,,3,"[{""modeType"":22,""protocolIndex"":0},{""modeType"":31,""protocolIndex"":2},{""modeType"":32,""protocolIndex"":1}]",,,1,,,,,,1,,,1,,,,,,,,1,1,,,1,,,,,,,,,1,,,,,1,,,,,,1,,1,,2,,"[0,1]",,,,,,,,,,,,,
06AC50,OPPO Enco R4,oppo,T2,True,0000079A-D102-11E1-9B23-00025B00A5A5,15003002,,,,,,1,,1,"[{""action"":29,""defaultFunction"":524288,""ear"":2,""showEar"":0,""support"":524800},{""action"":31,""defaultFunction"":262144,""ear"":2,""showEar"":0,""support"":262656}]",,,,"[{""action"":1,""ear"":2,""showEar"":0,""support"":516},{""action"":2,""ear"":2,""showEar"":0,""support"":8805},{""action"":3,""ear"":2,""showEar"":0,""support"":8801},{""action"":6,""ear"":2,""showEar"":0,""support"":536}]",,1,,1,,,,1,,,,4,"[{""modeType"":22,""protocolIndex"":0},{""modeType"":31,""protocolIndex"":2},{""modeType"":32,""protocolIndex"":1}]",,,1,,,0,,,,,,1,,"[{""packageNameList"":[""com.tencent.tmgp.pubgmhd"",""com.netease.hyxd.nearme.gamecenter"",""com.crisisfire.android.nearme.gamecenter"",""com.netease.cfxf.nearme.gamecenter"",""com.tencent.tmgp.cf"",""com.tencent.tmgp.cod"",""com.netease.lztg.nearme.gamecenter"",""com.yingxiong.heroo.nearme.gamecenter"",""com.tencent.ig""],""type"":3},{""type"":0}]",[1],,,,,1,,,,1,,,,,,,,,1,,,,,1,,,5,,,1,,1,,2,,"[0,1]",,,,,,,,,,,,,
069C10,OPPO Enco R3 Pro,oppo,T1,True,0000079A-D102-11E1-9B23-00025B00A5A5,15001000,15001000,15001000,115001000,,,1,,1,"[{""action"":29,""ear"":2,""showEar"":0,""support"":524288},{""action"":31,""ear"":2,""showEar"":0,""support"":262144}]",,,,"[{""action"":1,""ear"":2,""showEar"":0,""support"":516},{""action"":2,""ear"":2,""showEar"":0,""support"":8805},{""action"":3,""ear"":2,""showEar"":0,""support"":8801},{""action"":6,""ear"":2,""showEar"":0,""support"":536},{""action"":11,""ear"":2,""showEar"":1}]",,1,,1,,,,,,,1,2,"[{""modeType"":33,""protocolIndex"":0},{""modeType"":2,""protocolIndex"":1},{""modeType"":3,""protocolIndex"":2}]",,,1,1,,,,,,1,,1,,,,,1,,,1,,,1,,,,,,,,,,1,,,"[{""childrenMode"":[{""modeType"":7,""protocolIndex"":7},{""modeType"":4,""protocolIndex"":4},{""modeType"":8,""protocolIndex"":5},{""modeType"":3,""protocolIndex"":6}],""modeType"":5,""protocolIndex"":1},{""childrenMode"":[{""modeType"":1,""protocolIndex"":3}],""modeType"":1,""protocolIndex"":0},{""childrenMode"":[{""modeType"":2,""protocolIndex"":8}],""modeType"":2,""protocolIndex"":2}]",,,,,,1,"{""minFirmVersion"":150,""personalNoise"":1}",,,1,,2,,"[0,1]",,,,,,,,,,1,,,
068410,OPPO Enco R3,oppo,T2,True,0000079A-D102-11E1-9B23-00025B00A5A5,14005000,14005000,14005000,114005000,,,,,1,,,,,"[{""action"":1,""ear"":2,""showEar"":0,""support"":516},{""action"":2,""ear"":2,""showEar"":0,""support"":8805},{""action"":3,""ear"":2,""showEar"":0,""support"":8801},{""action"":4,""ear"":2,""showEar"":0,""support"":536}]",,1,,1,,,,,,,,2,"[{""modeType"":25,""protocolIndex"":0},{""modeType"":2,""protocolIndex"":1},{""modeType"":3,""protocolIndex"":2}]",,,1,,,,,,,,,1,,,,,,,,,,,,,0,,,,,,,,,,,,,,,,,,,,,1,,2,,"[0,1]",,,,,,,,,,,,,
065010,OPPO Enco R Pro,oppo,T2,True,0000079A-D102-11E1-9B23-00025B00A5A5,4001290,3007290,4001290,1002290,,,1,,1,,,,,"[{""action"":1,""ear"":2,""showEar"":0,""support"":516},{""action"":2,""ear"":2,""showEar"":0,""support"":612},{""action"":3,""ear"":2,""showEar"":0,""support"":8705},{""action"":6,""ear"":2,""showEar"":0,""support"":4632},{""action"":11,""ear"":2,""showEar"":1}]",,1,,1,,,,,,,,2,"[{""modeType"":18,""protocolIndex"":0},{""modeType"":2,""protocolIndex"":1},{""modeType"":3,""protocolIndex"":2}]",,,1,,,,,,,,,1,,,,,,,,1,,,,,,,,,,,,,,,,"[{""modeType"":5,""protocolIndex"":0},{""modeType"":1,""protocolIndex"":1},{""modeType"":2,""protocolIndex"":2},{""decideByEarDevice"":true,""modeType"":6,""protocolIndex"":3}]",,,,,,,,,,1,,,,,,,,,,,,,,1,,,
065810,OPPO Enco R2,oppo,T2,True,0000079A-D102-11E1-9B23-00025B00A5A5,4007000,4007000,4007000,4007000,,,1,,1,,,,,"[{""action"":1,""ear"":2,""showEar"":0,""support"":516},{""action"":2,""ear"":2,""showEar"":0,""support"":8805},{""action"":3,""ear"":2,""showEar"":0,""support"":8801},{""action"":4,""ear"":2,""showEar"":0,""support"":536}]",,1,,1,,,,,,,,2,"[{""modeType"":21,""protocolIndex"":0},{""modeType"":2,""protocolIndex"":1},{""modeType"":3,""protocolIndex"":2}]",,,1,,,,,,,,,1,,,,,,,,1,0,,,,,,,,,,,,1,,,,,,,,,,,,,1,,2,,"[0,1]",,,,,,,,,,,,,
063010,OPPO Enco R,oppo,T2,True,0000079A-D102-11E1-9B23-00025B00A5A5,4001242,3007242,4001242,1002242,,,1,,1,,,,,"[{""action"":1,""ear"":2,""showEar"":0,""support"":516},{""action"":2,""ear"":2,""showEar"":0,""support"":8805},{""action"":3,""ear"":2,""showEar"":0,""support"":8801},{""action"":4,""ear"":2,""showEar"":0,""support"":536}]",,1,,1,,,,,,,,1,"[{""modeType"":1,""protocolIndex"":0},{""modeType"":2,""protocolIndex"":1},{""modeType"":3,""protocolIndex"":2},{""modeType"":4,""protocolIndex"":3}]",,,1,,,,,,,,,1,,,,,,,,,,,,,,,,,,,,,,,,,,,,,,,,,,1,,,,,,,,,,,,,,,,,
060C10,OPPO Enco W51,oppo,T1,True,00001107-D102-11E1-9B23-00025B00A5A5,4001000,3007200,4001230,1001000,,,1,,1,,,,,"[{""action"":2,""ear"":2,""showEar"":0,""support"":741},{""action"":3,""ear"":2,""showEar"":0,""support"":513}]",,,,1,,,,,,,,,,,,1,,,,,,,,,,,,,,,,,1,,,,,,,,,,,,,,,,,,,,,,,,,,,,,,,,,,,,,,,,1,,,
060810,OPPO Enco W31,oppo,T1,True,00001107-D102-11E1-9B23-00025B00A5A5,4001000,3007200,4001230,1001000,,,1,,1,,,,,,,,,1,,,,,,,,,,,,1,,,,,,,,,,,,,,,,,,,,,,,,,,,,,,,,,,,,,,,,,,,,,,,,,,,,,,,,,,,,
061C10,OPPO Enco Play,oppo,T2,True,0000079A-D102-11E1-9B23-00025B00A5A5,4001000,3007200,4001230,1001000,,,1,,1,,,,,"[{""action"":2,""ear"":2,""showEar"":0,""support"":613},{""action"":3,""ear"":2,""showEar"":0,""support"":8705},{""action"":4,""ear"":2,""showEar"":0,""support"":536},{""action"":13}]",,,,1,,,,,,,,,,,,1,,,,,,,,,,,,,,,,,1,,,,,0,,,,,,,,,,,,,,,,,,,,,,,,,,,,,,,,1,,,,,,
06F450,OPPO Enco Buds3s,oppo,T2,True,0000079A-D102-11E1-9B23-00025B00A5A5,16009000,,,,,,1,,1,"[{""action"":29,""defaultFunction"":524288,""ear"":2,""showEar"":0,""support"":524800},{""action"":31,""defaultFunction"":262144,""ear"":2,""showEar"":0,""support"":262656}]",,,1,"[{""action"":1,""ear"":2,""showEar"":0,""support"":516},{""action"":2,""ear"":2,""showEar"":0,""support"":8805},{""action"":3,""ear"":2,""showEar"":0,""support"":8801},{""action"":6,""ear"":2,""showEar"":0,""support"":536}]",,1,,1,,,,1,,,,4,"[{""modeType"":26,""protocolIndex"":0},{""modeType"":28,""protocolIndex"":2},{""modeType"":29,""protocolIndex"":1}]",,,1,,,0,,,1,,,1,,,[1],,,,,1,1,,,1,,,,,,,,,1,,,,,1,,,5,,,1,,1,,2,,"[0,1]",,,,,,,,,,,,,
06A010,OPPO Enco Buds3 Pro+,oppo,T1,True,0000079A-D102-11E1-9B23-00025B00A5A5,15001000,15001000,15001000,,,,1,,1,"[{""action"":29,""ear"":2,""showEar"":0,""support"":524288},{""action"":31,""ear"":2,""showEar"":0,""support"":262144}]",,,,"[{""action"":1,""ear"":2,""showEar"":0,""support"":516},{""action"":2,""ear"":2,""showEar"":0,""support"":8805},{""action"":3,""ear"":2,""showEar"":0,""support"":8801},{""action"":6,""ear"":2,""showEar"":0,""support"":536},{""action"":11,""ear"":2,""minSelectCount"":1,""showEar"":1}]",,1,,,,,,,,,1,2,"[{""modeType"":1,""protocolIndex"":0},{""modeType"":2,""protocolIndex"":1},{""modeType"":3,""protocolIndex"":2}]",,,1,1,,,,,,,,1,,,,,1,,,1,1,,,,,,,,,,,,1,,,"[{""modeType"":5,""protocolIndex"":0},{""modeType"":1,""protocolIndex"":1},{""modeType"":2,""protocolIndex"":2}]",,,,,,,,,,1,,2,,"[0,1]",,,,,,,,,,,,,
06A850,OPPO Enco Buds3 Pro,oppo,T2,True,0000079A-D102-11E1-9B23-00025B00A5A5,15003002,,,,,,1,,1,"[{""action"":29,""defaultFunction"":524288,""ear"":2,""showEar"":0,""support"":524800},{""action"":31,""defaultFunction"":262144,""ear"":2,""showEar"":0,""support"":262656}]",,,,"[{""action"":1,""ear"":2,""showEar"":0,""support"":516},{""action"":2,""ear"":2,""showEar"":0,""support"":8805},{""action"":3,""ear"":2,""showEar"":0,""support"":8801},{""action"":6,""ear"":2,""showEar"":0,""support"":536}]",,1,,1,,,,1,,,,4,"[{""modeType"":22,""protocolIndex"":0},{""modeType"":31,""protocolIndex"":2},{""modeType"":32,""protocolIndex"":1}]",,,1,,,0,,,,,,1,,"[{""packageNameList"":[""com.tencent.tmgp.pubgmhd"",""com.netease.hyxd.nearme.gamecenter"",""com.crisisfire.android.nearme.gamecenter"",""com.netease.cfxf.nearme.gamecenter"",""com.tencent.tmgp.cf"",""com.tencent.tmgp.cod"",""com.netease.lztg.nearme.gamecenter"",""com.yingxiong.heroo.nearme.gamecenter"",""com.tencent.ig""],""type"":3},{""type"":0}]",[1],,,,,1,1,,,1,,,,,,,,,1,,,,,1,,,5,,,1,,1,,2,,"[0,1]",,,,,,,,,,,,,
068010,OPPO Enco Buds2 Pro,oppo,T2,True,00001107-D102-11E1-9B23-00025B00A5A5,14000000,14000000,14000000,14000000,,,,,1,"[{""action"":29,""ear"":2,""showEar"":0,""support"":524288},{""action"":31,""ear"":2,""showEar"":0,""support"":262144}]",,,,"[{""action"":1,""ear"":2,""showEar"":0,""support"":516},{""action"":2,""ear"":2,""showEar"":0,""support"":8805},{""action"":3,""ear"":2,""showEar"":0,""support"":8801},{""action"":6,""ear"":2,""showEar"":1,""support"":4608}]",,1,,1,,,,,,,,2,"[{""modeType"":11,""protocolIndex"":0},{""modeType"":12,""protocolIndex"":2},{""modeType"":13,""protocolIndex"":1}]",,,1,,,,,,,,,1,,,,,,,,1,1,,,1,0,,,,,,,,,,,,,1,,,,,,,,1,,,,,,,,,,,,,,,,,
06A450,OPPO Enco Buds3,oppo,T2,True,0000079A-D102-11E1-9B23-00025B00A5A5,15006000,,,,,,1,,1,"[{""action"":29,""defaultFunction"":524288,""ear"":2,""showEar"":0,""support"":524800},{""action"":31,""defaultFunction"":262144,""ear"":2,""showEar"":0,""support"":262656}]",,,,"[{""action"":1,""ear"":2,""showEar"":0,""support"":516},{""action"":2,""ear"":2,""showEar"":0,""support"":8805},{""action"":3,""ear"":2,""showEar"":0,""support"":8801},{""action"":6,""ear"":2,""showEar"":0,""support"":536}]",,1,,1,,,,,,,,3,"[{""modeType"":22,""protocolIndex"":0},{""modeType"":31,""protocolIndex"":2},{""modeType"":32,""protocolIndex"":1}]",,,1,,,,,,,,,1,,,,,,,,1,1,,,1,,,,,,,,,1,,,,,1,,,,,,1,,1,,2,,"[0,1]",,,,,,,,,,,,,
064810,OPPO Enco Buds2,oppo,T2,True,0000079A-D102-11E1-9B23-00025B00A5A5,4001250,3007250,4001250,1002250,,,,,1,,,,,"[{""action"":1,""ear"":2,""showEar"":0,""support"":516},{""action"":2,""ear"":2,""showEar"":0,""support"":8805},{""action"":3,""ear"":2,""showEar"":0,""support"":8801},{""action"":4,""ear"":2,""showEar"":0,""support"":536}]",,1,,1,,,,,,,,2,"[{""modeType"":1,""protocolIndex"":0},{""modeType"":2,""protocolIndex"":1},{""modeType"":3,""protocolIndex"":2}]",,,1,,,,,,,,,1,,,,,,,,,1,,,,,,,,,,,,,,,,,,,,,,,,,1,,,,,,,,,,,,,,,,,
062410,OPPO Enco Buds,oppo,T2,True,0000079A-D102-11E1-9B23-00025B00A5A5,4001000,3007200,4001230,1001000,,,1,,1,,,,,"[{""action"":1,""ear"":2,""showEar"":0,""support"":516},{""action"":2,""ear"":2,""showEar"":0,""support"":612},{""action"":3,""ear"":2,""showEar"":0,""support"":8705},{""action"":4,""ear"":2,""showEar"":0,""support"":536},{""action"":12}]",,,,1,,,,,,,,,,,,1,,,,,,,,,1,,,,,,,,,,,,,,,,,,,,,,,,,,0,,,,,,,,,,,,,,,,,,,,,,,,,
050C10,OPPO Enco M33,oppo,N,True,00001107-D102-11E1-9B23-00025B00A5A5,4008000,4008000,4008000,4008000,,,1,1,1,"[{""action"":36,""ear"":2,""showEar"":1,""support"":524288},{""action"":37,""ear"":2,""showEar"":1,""support"":262144}]",,,,"[{""action"":25,""ear"":2,""minSelectCount"":2,""showEar"":1},{""action"":26,""ear"":2,""showEar"":1,""support"":4608}]",,1,,,,,,,,,,2,"[{""modeType"":1,""protocolIndex"":0},{""modeType"":13,""protocolIndex"":2},{""modeType"":3,""protocolIndex"":3},{""modeType"":2,""protocolIndex"":1}]",,,1,,,,,,,1,,,,,,,,,,1,,,,,,,,,,,50,,,,,"[{""modeType"":5,""protocolIndex"":0},{""modeType"":1,""protocolIndex"":1},{""modeType"":2,""protocolIndex"":2}]",,,,,,,,,,1,,,,,,,,,,,,,,,,,
050410,OPPO Enco M31,oppo,N,True,00001107-D102-11E1-9B23-00025B00A5A5,4001000,3007200,4001230,1001000,,,1,,1,,,,,,,,,,,,,,,,,,,,,1,,,,,,,,,,,,,,,,,,,,,,,,,,,,,,,,,,,,,,,,,,,,,,,,,,,,,,,,,,,,
067414,OnePlus Flow Buds,OnePlus,T1,True,0000079A-D102-11E1-9B23-00025B00A5A5,16006000,,,,OnePlus Nord Buds Laplace 4,,1,1,1,"[{""action"":29,""ear"":2,""showEar"":0,""support"":524800},{""action"":31,""ear"":2,""showEar"":0,""support"":262656}]",,1,1,"[{""action"":1,""ear"":2,""showEar"":0,""support"":516},{""action"":2,""ear"":2,""showEar"":0,""support"":8805},{""action"":3,""ear"":2,""showEar"":0,""support"":8801},{""action"":5,""ear"":2,""showEar"":0,""support"":3584},{""action"":11,""ear"":2,""showEar"":0}]",,1,,1,"[31,62,125,250,500,1000,2000,4000,8000,16000]",,2,1,,,1,4,"[{""modeType"":11,""protocolIndex"":0},{""modeType"":14,""protocolIndex"":2},{""modeType"":12,""protocolIndex"":1}]",,,1,1,1,,,7,1,,1,1,,"[{""packageNameList"":[""com.tencent.tmgp.pubgmhd"",""com.tencent.tmgp.codev"",""com.tencent.tmgp.cf"",""com.tencent.tmgp.dfm"",""com.tencent.ig"",""com.dts.freefireth"",""com.activision.callofduty.shooter""],""type"":3},{""type"":0}]","[1,2]",,1,,,,1,,1,,,,"[2,1,3,6,5,11]",,8833,,,"[{""functionType"":""displayPairedDevice"",""minFirmVersion"":0},{""functionType"":""connectDisconnectDevice"",""minFirmVersion"":0},{""functionType"":""unpairDevice"",""minFirmVersion"":0},{""functionType"":""setPriorityDevice"",""minFirmVersion"":0}]",2,,,"[{""childrenMode"":[{""intellectNoiseReductionSummary"":1,""modeType"":7,""protocolIndex"":7},{""modeType"":4,""protocolIndex"":4},{""modeType"":3,""protocolIndex"":6,""weakNoiseReductionSummary"":1}],""modeType"":5,""protocolIndex"":1},{""childrenMode"":[{""modeType"":1,""protocolIndex"":3}],""modeType"":1,""protocolIndex"":0},{""childrenMode"":[{""modeType"":2,""protocolIndex"":8}],""modeType"":2,""protocolIndex"":2}]",,,,,,,,1,"{""max"":10,""min"":2}",1,,4,,"[0,1]",1,,1,,,1,,,,1,,1,
064014,OnePlus Buds Pro 3,OnePlus,T1,True,0000079A-D102-11E1-9B23-00025B00A5A5,14008000,14008000,14008000,114008000,,,1,1,1,"[{""action"":32,""defaultFunction"":524288,""ear"":2,""showEar"":0,""support"":524800},{""action"":33,""defaultFunction"":262144,""ear"":2,""showEar"":0,""support"":262656},{""action"":34,""ear"":2,""showEar"":0,""support"":131584}]",,1,,"[{""action"":16,""ear"":2,""showEar"":0,""support"":516},{""action"":17,""ear"":2,""showEar"":0,""support"":8805},{""action"":18,""ear"":2,""showEar"":0,""support"":8801},{""action"":5,""ear"":2,""showEar"":0,""support"":3584},{""action"":20,""ear"":2,""showEar"":1}]",1,1,,1,,,,1,,[2],1,4,"[{""modeType"":11,""protocolIndex"":0,""summaryId"":1,""tag"":3},{""modeType"":13,""protocolIndex"":1,""summaryId"":2,""tag"":3},{""modeType"":14,""protocolIndex"":2,""summaryId"":3,""tag"":3},{""modeType"":12,""protocolIndex"":3,""summaryId"":4,""tag"":3},{""modeType"":30,""protocolIndex"":7,""summaryId"":5,""tag"":3}]",,,1,1,,,,,,1,,1,,"[{""packageNameList"":[""com.tencent.tmgp.pubgmhd"",""com.netease.hyxd.nearme.gamecenter"",""com.crisisfire.android.nearme.gamecenter"",""com.netease.cfxf.nearme.gamecenter"",""com.tencent.tmgp.cf"",""com.tencent.tmgp.cod"",""com.netease.lztg.nearme.gamecenter"",""com.yingxiong.heroo.nearme.gamecenter"",""com.tencent.ig""],""type"":3},{""type"":0}]",[1],1,1,,1,1,,,1,,,,,,,,,,1,,,"[{""childrenMode"":[{""modeType"":7,""protocolIndex"":7},{""modeType"":4,""protocolIndex"":4},{""modeType"":8,""protocolIndex"":5},{""modeType"":3,""protocolIndex"":6}],""modeType"":5,""protocolIndex"":1},{""childrenMode"":[{""modeType"":1,""protocolIndex"":3}],""modeType"":1,""protocolIndex"":0},{""childrenMode"":[{""modeType"":2,""protocolIndex"":8}],""modeType"":2,""protocolIndex"":2}]",,,,,,,,,,1,,1,1,"[0,1,2]",1,1,,,1,,,,,1,,,
065C14,OnePlus Open Buds,OnePlus,O1,True,0000079A-D102-11E1-9B23-00025B00A5A5,15006000,,,,,1,1,,,"[{""action"":29,""defaultFunction"":524288,""ear"":2,""showEar"":0,""support"":524800},{""action"":30,""ear"":2,""showEar"":0,""support"":131584}]",,,,"[{""action"":2,""ear"":2,""showEar"":0,""support"":8805},{""action"":3,""ear"":2,""showEar"":0,""support"":8825},{""action"":4,""ear"":2,""showEar"":0,""support"":536}]",1,1,,1,,,,,,,,4,"[{""modeType"":35,""protocolIndex"":0,""summaryId"":6},{""modeType"":34,""protocolIndex"":1,""summaryId"":7},{""modeType"":28,""protocolIndex"":2,""summaryId"":3}]","[{""minAppVersion"":15007000,""modeType"":12,""order"":4,""protocolIndex"":3,""summaryId"":9}]",,1,,,,,,,,1,1,,,,,,,,1,1,,,,,,"[2,1,4,6,7,9,5]",,,1,30,"[{""functionType"":""displayPairedDevice"",""minFirmVersion"":20},{""functionType"":""connectDisconnectDevice"",""minFirmVersion"":20},{""functionType"":""unpairDevice"",""minFirmVersion"":20}]",1,,,,,,,,1,,,1,,1,,4,,"[0,1]",,,,1,1,,,,,1,1,,
062014,OnePlus Buds Pro 2,OnePlus,T1,True,0000079A-D102-11E1-9B23-00025B00A5A5,4001300,3007300,4001300,1002300,,,1,1,1,"[{""action"":32,""ear"":2,""showEar"":0,""support"":524288},{""action"":33,""ear"":2,""showEar"":0,""support"":262144}]",,,,"[{""action"":16,""ear"":2,""showEar"":0,""support"":516},{""action"":17,""ear"":2,""showEar"":0,""support"":8805},{""action"":18,""ear"":2,""showEar"":0,""support"":8801},{""action"":20,""ear"":2,""showEar"":1}]",1,1,,1,,,,1,,,1,4,"[{""modeType"":11,""protocolIndex"":0,""tag"":3},{""modeType"":13,""protocolIndex"":3,""tag"":3},{""modeType"":14,""protocolIndex"":2,""tag"":3},{""modeType"":12,""protocolIndex"":1,""tag"":3}]",,"[{""minFirmVersion"":165,""modeType"":19,""protocolIndex"":7}]",1,,,,1,,,1,,1,,,,0,1,,,1,,,1,,,,,,,,,,1,,,"[{""childrenMode"":[{""modeType"":7,""protocolIndex"":7},{""modeType"":4,""protocolIndex"":4},{""modeType"":8,""protocolIndex"":5},{""modeType"":3,""protocolIndex"":6}],""modeType"":5,""protocolIndex"":1},{""childrenMode"":[{""modeType"":1,""protocolIndex"":3}],""modeType"":1,""protocolIndex"":0},{""childrenMode"":[{""modeType"":2,""protocolIndex"":8}],""modeType"":2,""protocolIndex"":2}]",,,,,,1,,,,1,,,,,,1,,,,,,,,1,,,1
063414,OnePlus Buds Pro 2R,OnePlus,T1,True,0000079A-D102-11E1-9B23-00025B00A5A5,4005000,4005000,4005000,4005000,,,1,1,1,"[{""action"":32,""ear"":2,""showEar"":0,""support"":524288},{""action"":33,""ear"":2,""showEar"":0,""support"":262144}]",,,,"[{""action"":16,""ear"":2,""showEar"":0,""support"":516},{""action"":17,""ear"":2,""showEar"":0,""support"":8805},{""action"":18,""ear"":2,""showEar"":0,""support"":8801},{""action"":20,""ear"":2,""showEar"":1}]",1,1,,1,,,,1,,,1,4,"[{""modeType"":11,""protocolIndex"":0,""tag"":3},{""modeType"":13,""protocolIndex"":3,""tag"":3},{""modeType"":14,""protocolIndex"":2,""tag"":3},{""modeType"":12,""protocolIndex"":1,""tag"":3}]",,"[{""minFirmVersion"":165,""modeType"":19,""protocolIndex"":7}]",1,,,,1,,,1,,1,,,,0,1,,,1,1,,1,,,,,,,,,,1,,,"[{""childrenMode"":[{""modeType"":7,""protocolIndex"":7},{""modeType"":4,""protocolIndex"":4},{""modeType"":8,""protocolIndex"":5},{""modeType"":3,""protocolIndex"":6}],""modeType"":5,""protocolIndex"":1},{""childrenMode"":[{""modeType"":1,""protocolIndex"":3}],""modeType"":1,""protocolIndex"":0},{""childrenMode"":[{""modeType"":2,""protocolIndex"":8}],""modeType"":2,""protocolIndex"":2}]",,,,,,1,,,,1,,,,,,1,,,,,,,,1,,,1
063014,OnePlus Buds Pro 2（轻享版）,OnePlus,T1,True,0000079A-D102-11E1-9B23-00025B00A5A5,4005000,4005000,4005000,4005000,,,1,1,1,"[{""action"":32,""ear"":2,""showEar"":0,""support"":524288},{""action"":33,""ear"":2,""showEar"":0,""support"":262144}]",,,,"[{""action"":16,""ear"":2,""showEar"":0,""support"":516},{""action"":17,""ear"":2,""showEar"":0,""support"":8805},{""action"":18,""ear"":2,""showEar"":0,""support"":8801},{""action"":20,""ear"":2,""showEar"":1}]",1,1,,1,,,,1,,,1,4,"[{""modeType"":11,""protocolIndex"":0,""tag"":3},{""modeType"":13,""protocolIndex"":3,""tag"":3},{""modeType"":14,""protocolIndex"":2,""tag"":3},{""modeType"":12,""protocolIndex"":1,""tag"":3}]",,"[{""minFirmVersion"":165,""modeType"":19,""protocolIndex"":7}]",1,,,,1,,,1,,1,,,,0,1,,,1,,,1,,,,,,,,,,1,,,"[{""childrenMode"":[{""modeType"":7,""protocolIndex"":7},{""modeType"":4,""protocolIndex"":4},{""modeType"":8,""protocolIndex"":5},{""modeType"":3,""protocolIndex"":6}],""modeType"":5,""protocolIndex"":1},{""childrenMode"":[{""modeType"":1,""protocolIndex"":3}],""modeType"":1,""protocolIndex"":0},{""childrenMode"":[{""modeType"":2,""protocolIndex"":8}],""modeType"":2,""protocolIndex"":2}]",,,,,,1,,,,1,,,,,,1,,,,,,,,1,,,1
060C14,OnePlus Buds Pro,OnePlus,T1,True,00001107-D102-11E1-9B23-00025B00A5A5,4001000,3007200,4001230,1001000,,,1,,1,,,,,"[{""action"":3,""ear"":2,""showEar"":0,""support"":33},{""action"":11,""ear"":2,""showEar"":1,""support"":128},{""action"":14,""ear"":2,""showEar"":1},{""action"":15,""ear"":2,""showEar"":1}]",,,,1,,,,1,,,,,"[{""modeType"":11,""protocolIndex"":0},{""modeType"":13,""protocolIndex"":3},{""modeType"":14,""protocolIndex"":2},{""modeType"":12,""protocolIndex"":1}]",,,1,,,,,,,1,,,,,,,1,,,1,,,,,,,,,,,,,1,,,"[{""modeType"":7,""protocolIndex"":4},{""modeType"":4,""protocolIndex"":3},{""modeType"":3,""protocolIndex"":2},{""modeType"":1,""protocolIndex"":0},{""modeType"":2,""protocolIndex"":1}]",,,1,,,,,,,,,,,,,,,,,,,,,1,,,1
065414,OnePlus Buds 4,OnePlus,T1,True,0000079A-D102-11E1-9B23-00025B00A5A5,15003002,,,,,,1,1,1,"[{""action"":29,""defaultFunction"":524288,""ear"":2,""showEar"":0,""support"":524800},{""action"":30,""ear"":2,""showEar"":0,""support"":131584},{""action"":31,""defaultFunction"":262144,""ear"":2,""showEar"":0,""support"":262656}]",,1,,"[{""action"":1,""ear"":2,""showEar"":0,""support"":516},{""action"":2,""ear"":2,""showEar"":0,""support"":8805},{""action"":3,""ear"":2,""showEar"":0,""support"":8801},{""action"":27,""ear"":2,""minSelectCount"":1,""showEar"":0},{""action"":5,""ear"":2,""showEar"":0,""support"":3584}]",1,1,,1,,,,1,,[2],1,4,"[{""modeType"":11,""protocolIndex"":0},{""modeType"":14,""protocolIndex"":1},{""modeType"":12,""protocolIndex"":2}]",,,1,1,,,,,,1,1,1,,,,0,1,,1,1,,,1,,,,,,,,,,1,,,"[{""childrenMode"":[{""modeType"":4,""protocolIndex"":4},{""modeType"":8,""protocolIndex"":5},{""modeType"":3,""protocolIndex"":6},{""modeType"":7,""protocolIndex"":7}],""modeType"":5,""protocolIndex"":1},{""modeType"":10,""protocolIndex"":11},{""childrenMode"":[{""modeType"":2,""protocolIndex"":8}],""modeType"":2,""protocolIndex"":2},{""childrenMode"":[{""modeType"":1,""protocolIndex"":3}],""modeType"":1,""protocolIndex"":0}]",2,,,,,,,1,,1,,4,1,"[0,1]",1,,,,,,,,,1,,,
063C14,OnePlus Buds 3,OnePlus,T1,True,0000079A-D102-11E1-9B23-00025B00A5A5,14001001,14001001,14001001,14001001,,,1,1,1,"[{""action"":29,""ear"":2,""showEar"":0,""support"":524288},{""action"":31,""ear"":2,""showEar"":0,""support"":262144}]",,1,,"[{""action"":1,""ear"":2,""showEar"":0,""support"":516},{""action"":2,""ear"":2,""showEar"":0,""support"":8805},{""action"":3,""ear"":2,""showEar"":0,""support"":8801},{""action"":27,""ear"":2,""minSelectCount"":1,""showEar"":0},{""action"":5,""ear"":2,""showEar"":0,""support"":3584}]",1,1,,1,,,,1,,,1,4,"[{""modeType"":11,""protocolIndex"":0},{""modeType"":14,""protocolIndex"":2},{""modeType"":12,""protocolIndex"":1}]",,"[{""minFirmVersion"":119,""modeType"":13,""order"":4,""protocolIndex"":3,""tag"":0}]",1,,,,,,,1,,1,,"[{""packageName"":""com.tencent.tmgp.pubgmhd"",""type"":1},{""type"":0}]","[1,2,3]",0,1,,,1,,,1,,,,,,,,,,1,,,"[{""childrenMode"":[{""modeType"":7,""protocolIndex"":7},{""modeType"":4,""protocolIndex"":4},{""modeType"":8,""protocolIndex"":5},{""modeType"":3,""protocolIndex"":6}],""modeType"":5,""protocolIndex"":1},{""childrenMode"":[{""modeType"":1,""protocolIndex"":3}],""modeType"":1,""protocolIndex"":0},{""childrenMode"":[{""modeType"":2,""protocolIndex"":8}],""modeType"":2,""protocolIndex"":2}]",,,,,,,,,,1,,4,,"[0,1]",,,,,,,,,,1,,,
066414,OnePlus Buds Ace 3,OnePlus,T1,True,0000079A-D102-11E1-9B23-00025B00A5A5,16003000,,,,OnePlus Nord Buds Einstein 1,,1,1,1,"[{""action"":29,""ear"":2,""showEar"":0,""support"":524800},{""action"":31,""ear"":2,""showEar"":0,""support"":262656}]",,1,1,"[{""action"":1,""ear"":2,""showEar"":0,""support"":516},{""action"":2,""ear"":2,""showEar"":0,""support"":8805},{""action"":3,""ear"":2,""showEar"":0,""support"":8801},{""action"":5,""ear"":2,""showEar"":0,""support"":3584},{""action"":11,""ear"":2,""showEar"":0}]",,1,,1,"[31,62,125,250,500,1000,2000,4000,8000,16000]",,2,1,,,1,4,"[{""modeType"":11,""protocolIndex"":0},{""modeType"":14,""protocolIndex"":2},{""modeType"":12,""protocolIndex"":1}]",,,1,1,1,,,7,1,1,1,1,,"[{""packageNameList"":[""com.tencent.tmgp.pubgmhd"",""com.tencent.tmgp.codev"",""com.tencent.tmgp.cf"",""com.tencent.tmgp.dfm"",""com.tencent.ig"",""com.dts.freefireth"",""com.activision.callofduty.shooter""],""type"":3},{""type"":0}]","[1,2,3]",,1,,,,1,,1,,,,"[2,1,3,5]",,8833,,,"[{""functionType"":""displayPairedDevice"",""minFirmVersion"":0},{""functionType"":""connectDisconnectDevice"",""minFirmVersion"":0},{""functionType"":""unpairDevice"",""minFirmVersion"":0},{""functionType"":""setPriorityDevice"",""minFirmVersion"":0}]",2,,,"[{""childrenMode"":[{""modeType"":7,""protocolIndex"":7},{""modeType"":4,""protocolIndex"":4},{""modeType"":8,""protocolIndex"":5},{""modeType"":3,""protocolIndex"":6}],""modeType"":5,""protocolIndex"":1},{""childrenMode"":[{""modeType"":1,""protocolIndex"":3}],""modeType"":1,""protocolIndex"":0},{""childrenMode"":[{""modeType"":2,""protocolIndex"":8}],""modeType"":2,""protocolIndex"":2}]",,,,,,,,1,"{""max"":10,""min"":2}",1,,4,1,"[0,1]",1,,1,,,1,,,,1,,1,
064C14,OnePlus Buds Ace 2,OnePlus,T1,True,0000079A-D102-11E1-9B23-00025B00A5A5,15001000,15001000,15001000,115001000,,,1,1,1,"[{""action"":29,""ear"":2,""showEar"":0,""support"":524288},{""action"":31,""ear"":2,""showEar"":0,""support"":262144}]",,,,"[{""action"":1,""ear"":2,""showEar"":0,""support"":516},{""action"":2,""ear"":2,""showEar"":0,""support"":8805},{""action"":3,""ear"":2,""showEar"":0,""support"":8801},{""action"":6,""ear"":2,""showEar"":0,""support"":536},{""action"":11,""ear"":2,""minSelectCount"":1,""showEar"":1}]",,1,,1,,,,1,,,1,4,"[{""modeType"":11,""protocolIndex"":3},{""modeType"":14,""protocolIndex"":4},{""modeType"":12,""protocolIndex"":5}]",,,1,1,,,,,,,,1,,,,,1,,,1,,,,,,,,,,,,,1,,,"[{""modeType"":5,""protocolIndex"":0},{""modeType"":1,""protocolIndex"":1},{""modeType"":2,""protocolIndex"":2}]",,,,,,,,,,1,,4,,"[0,1]",,,,,,,,,,,,,
061014,OnePlus Buds Z2,OnePlus,T1,True,00001107-D102-11E1-9B23-00025B00A5A5,4001006,3007200,4001230,1001000,,,1,,1,,,,,"[{""action"":1,""ear"":2,""showEar"":0,""support"":612},{""action"":2,""ear"":2,""showEar"":0,""support"":613},{""action"":3,""ear"":2,""showEar"":0,""support"":613},{""action"":11,""ear"":2,""showEar"":1,""support"":128},{""action"":6,""ear"":2,""showEar"":1,""support"":4608}]",,,,1,,,,1,,,,,"[{""modeType"":11,""protocolIndex"":0},{""modeType"":13,""protocolIndex"":3},{""modeType"":14,""protocolIndex"":2},{""modeType"":12,""protocolIndex"":1}]",,,1,,,,,,,1,,,,,,,,,,1,,,,,,,,,,,,,,,,"[{""modeType"":4,""protocolIndex"":3},{""modeType"":3,""protocolIndex"":2},{""modeType"":1,""protocolIndex"":0},{""modeType"":2,""protocolIndex"":1}]",,,,,,,,,,,,,,,,,,,,,,,,1,,,
060814,OnePlus Buds Z,OnePlus,T1,True,00001107-D102-11E1-9B23-00025B00A5A5,4001000,3007200,4001230,1001000,,,1,,1,,,,,"[{""action"":2,""ear"":2,""showEar"":0,""support"":101}]",,,,1,,,,,,,,,,,,1,,,,,,,,,,,,,,,,,1,,,,,,,,,,,,,,,,,,,,,,,,,,,,,,,,,,,,,,,,,,,
068814,OnePlus Buds Z,OnePlus,T1,True,00001107-D102-11E1-9B23-00025B00A5A5,4001000,3007200,4001230,1001000,,,1,,1,,,,,"[{""action"":2,""ear"":2,""showEar"":0,""support"":101}]",,,,,,,,,,,,,,,,1,,,,,,,,,,,,,,,,,1,,,,,,,,,,,,,,,,,,,,,,,,,,,,,,,,,,,,,,,,,,,
062814,OnePlus Buds Ace,OnePlus,T1,True,00001107-D102-11E1-9B23-00025B00A5A5,4004000,4004000,4004000,4004000,,,1,1,1,"[{""action"":29,""ear"":2,""showEar"":0,""support"":524288},{""action"":31,""ear"":2,""showEar"":0,""support"":262144}]",,,,"[{""action"":1,""ear"":2,""showEar"":0,""support"":516},{""action"":2,""ear"":2,""showEar"":0,""support"":8805},{""action"":3,""ear"":2,""showEar"":0,""support"":8801},{""action"":11,""ear"":2,""showEar"":1},{""action"":6,""ear"":2,""showEar"":1,""support"":4608}]",,1,,1,,2,,1,,,,4,"[{""modeType"":11,""protocolIndex"":0},{""modeType"":13,""protocolIndex"":2},{""modeType"":12,""protocolIndex"":1}]",,,1,,,,,,,,,1,,,,,,,,1,,,,,,,,,,,,,,,,"[{""modeType"":5,""protocolIndex"":0},{""modeType"":1,""protocolIndex"":1},{""modeType"":2,""protocolIndex"":2}]",,,,,,,,,,1,,,,,,,,,,,,,,,,,
066814,OnePlus Nord Buds 4 Pro,OnePlus,T1,True,0000079A-D102-11E1-9B23-00025B00A5A5,16003000,,,,OnePlus Nord Buds Einstein 2,,1,1,1,"[{""action"":29,""ear"":2,""showEar"":0,""support"":524800},{""action"":31,""ear"":2,""showEar"":0,""support"":262656}]",,1,1,"[{""action"":1,""ear"":2,""showEar"":0,""support"":516},{""action"":2,""ear"":2,""showEar"":0,""support"":8805},{""action"":3,""ear"":2,""showEar"":0,""support"":8801},{""action"":5,""ear"":2,""showEar"":0,""support"":3584},{""action"":11,""ear"":2,""showEar"":0}]",,1,,1,"[31,62,125,250,500,1000,2000,4000,8000,16000]",,2,1,,,1,4,"[{""modeType"":11,""protocolIndex"":0},{""modeType"":14,""protocolIndex"":2},{""modeType"":12,""protocolIndex"":1}]",,,1,1,1,,,7,1,1,1,1,,"[{""packageNameList"":[""com.tencent.tmgp.pubgmhd"",""com.tencent.tmgp.codev"",""com.tencent.tmgp.cf"",""com.tencent.tmgp.dfm"",""com.tencent.ig"",""com.dts.freefireth"",""com.activision.callofduty.shooter""],""type"":3},{""type"":0}]","[1,2,3]",,1,,,,1,,1,,,,"[2,1,3,5]",,8833,,,"[{""functionType"":""displayPairedDevice"",""minFirmVersion"":0},{""functionType"":""connectDisconnectDevice"",""minFirmVersion"":0},{""functionType"":""unpairDevice"",""minFirmVersion"":0},{""functionType"":""setPriorityDevice"",""minFirmVersion"":0}]",2,,,"[{""childrenMode"":[{""modeType"":7,""protocolIndex"":7},{""modeType"":4,""protocolIndex"":4},{""modeType"":8,""protocolIndex"":5},{""modeType"":3,""protocolIndex"":6}],""modeType"":5,""protocolIndex"":1},{""childrenMode"":[{""modeType"":1,""protocolIndex"":3}],""modeType"":1,""protocolIndex"":0},{""childrenMode"":[{""modeType"":2,""protocolIndex"":8}],""modeType"":2,""protocolIndex"":2}]",,,,,,,,1,"{""max"":10,""min"":2}",1,,4,1,"[0,1]",1,,1,,,1,,,,1,,1,
067014,OnePlus Nord Buds 4,OnePlus,T1,True,0000079A-D102-11E1-9B23-00025B00A5A5,16006002,,,,OnePlus Nord Buds ohm EX,,1,1,1,"[{""action"":29,""ear"":2,""showEar"":0,""support"":524800},{""action"":31,""ear"":2,""showEar"":0,""support"":262656}]",,1,1,"[{""action"":1,""ear"":2,""showEar"":0,""support"":516},{""action"":2,""ear"":2,""showEar"":0,""support"":8805},{""action"":3,""ear"":2,""showEar"":0,""support"":8801},{""action"":6,""ear"":2,""entryStrModify"":[{""categoryVersion"":2}],""showEar"":0,""support"":536},{""action"":11,""ear"":2,""showEar"":0}]",,,,1,"[31,62,125,250,500,1000,2000,4000,8000,16000]",,2,1,,,1,4,"[{""modeType"":11,""protocolIndex"":0},{""modeType"":14,""protocolIndex"":1},{""modeType"":12,""protocolIndex"":2}]",,,1,1,1,,,,,1,,1,,"[{""packageNameList"":[""com.tencent.tmgp.pubgmhd"",""com.tencent.tmgp.codev"",""com.tencent.tmgp.cf"",""com.tencent.tmgp.dfm"",""com.tencent.ig"",""com.dts.freefireth"",""com.activision.callofduty.shooter"",""com.garena.game.codm""],""type"":3},{""type"":0}]",[1],,1,,,,1,,,,,,"[2,3,6,5]",,8833,,,"[{""functionType"":""displayPairedDevice"",""minFirmVersion"":0},{""functionType"":""connectDisconnectDevice"",""minFirmVersion"":0},{""functionType"":""unpairDevice"",""minFirmVersion"":0}]",2,,0,"[{""childrenMode"":[{""modeType"":7,""protocolIndex"":7},{""modeType"":4,""protocolIndex"":4},{""modeType"":8,""protocolIndex"":5},{""modeType"":3,""protocolIndex"":6}],""modeType"":5,""protocolIndex"":1},{""childrenMode"":[{""modeType"":1,""protocolIndex"":3}],""modeType"":1,""protocolIndex"":0},{""childrenMode"":[{""modeType"":2,""protocolIndex"":8}],""modeType"":2,""protocolIndex"":2}]",,,,,,,,1,,1,,4,,"[0,1]",1,,1,,,,,,,1,,1,
064414,OnePlus Nord Buds 3 Pro,OnePlus,T1,True,0000079A-D102-11E1-9B23-00025B00A5A5,14004000,14004000,14004000,114004000,,,1,1,1,"[{""action"":29,""ear"":2,""showEar"":0,""support"":524288},{""action"":31,""ear"":2,""showEar"":0,""support"":262144}]",,,,"[{""action"":1,""ear"":2,""showEar"":0,""support"":516},{""action"":2,""ear"":2,""showEar"":0,""support"":8805},{""action"":3,""ear"":2,""showEar"":0,""support"":8801},{""action"":6,""ear"":2,""showEar"":0,""support"":536},{""action"":11,""ear"":2,""showEar"":1}]",,1,,1,,,,1,,,1,4,"[{""modeType"":11,""protocolIndex"":3},{""modeType"":14,""protocolIndex"":4},{""modeType"":12,""protocolIndex"":5}]",,,1,1,,,,,,1,,1,,,,,1,,,1,1,,1,,,,,,,,,,1,,,"[{""childrenMode"":[{""modeType"":7,""protocolIndex"":7},{""modeType"":4,""protocolIndex"":4},{""modeType"":8,""protocolIndex"":5},{""modeType"":3,""protocolIndex"":6}],""modeType"":5,""protocolIndex"":1},{""childrenMode"":[{""modeType"":1,""protocolIndex"":3}],""modeType"":1,""protocolIndex"":0},{""childrenMode"":[{""modeType"":2,""protocolIndex"":8}],""modeType"":2,""protocolIndex"":2}]",,,,,,1,"{""minFirmVersion"":150,""personalNoise"":1}",,,1,,4,,"[0,1]",,,,,,,,,,1,,,
065014,OnePlus Nord Buds 3,OnePlus,T1,True,0000079A-D102-11E1-9B23-00025B00A5A5,14008000,14008000,14008000,114008000,,,1,1,1,"[{""action"":29,""ear"":2,""showEar"":0,""support"":524288},{""action"":31,""ear"":2,""showEar"":0,""support"":262144}]",,,,"[{""action"":1,""ear"":2,""showEar"":0,""support"":516},{""action"":2,""ear"":2,""showEar"":0,""support"":8805},{""action"":3,""ear"":2,""showEar"":0,""support"":8801},{""action"":6,""ear"":2,""showEar"":0,""support"":536},{""action"":11,""ear"":2,""minSelectCount"":1,""showEar"":1}]",,1,,1,,,,1,,,1,4,"[{""modeType"":11,""protocolIndex"":3},{""modeType"":14,""protocolIndex"":4},{""modeType"":12,""protocolIndex"":5}]",,,1,1,,,,,,,,1,,,,,1,,,1,1,,,,,,,,,,,,1,,,"[{""modeType"":5,""protocolIndex"":0},{""modeType"":1,""protocolIndex"":1},{""modeType"":2,""protocolIndex"":2}]",,,,,,,,,,1,,4,,"[0,1]",,,,,,,,,,,,,
062414,OnePlus Nord Buds 2,OnePlus,T1,True,00001107-D102-11E1-9B23-00025B00A5A5,4004000,4004000,4004000,4004000,,,1,1,1,"[{""action"":29,""ear"":2,""showEar"":0,""support"":524288},{""action"":31,""ear"":2,""showEar"":0,""support"":262144}]",,,,"[{""action"":1,""ear"":2,""showEar"":0,""support"":516},{""action"":2,""ear"":2,""showEar"":0,""support"":8805},{""action"":3,""ear"":2,""showEar"":0,""support"":8801},{""action"":11,""ear"":2,""showEar"":1},{""action"":6,""ear"":2,""showEar"":1,""support"":4608}]",,1,,1,,2,,1,,,,4,"[{""modeType"":11,""protocolIndex"":0},{""modeType"":13,""protocolIndex"":2},{""modeType"":14,""protocolIndex"":3},{""modeType"":12,""protocolIndex"":1}]",,,1,,,,,,,,,1,,,,,,,,1,1,,,,,,,,,,,,,,,"[{""modeType"":5,""protocolIndex"":0},{""modeType"":1,""protocolIndex"":1},{""modeType"":2,""protocolIndex"":2}]",,,,,,,,,,1,,,,,,,,,,,,,,,,,
066054,OnePlus Buds 3V,OnePlus,T2,True,0000079A-D102-11E1-9B23-00025B00A5A5,15010000,,,,OnePlus Nord Curie DO,,1,,1,"[{""action"":29,""defaultFunction"":524288,""ear"":2,""showEar"":0,""support"":524800},{""action"":31,""defaultFunction"":262144,""ear"":2,""showEar"":0,""support"":262656}]",,,1,"[{""action"":1,""ear"":2,""showEar"":0,""support"":516},{""action"":2,""ear"":2,""showEar"":0,""support"":8805},{""action"":3,""ear"":2,""showEar"":0,""support"":8801},{""action"":6,""ear"":2,""showEar"":0,""support"":536}]",,1,,1,,,,1,,,,4,"[{""modeType"":11,""protocolIndex"":0},{""modeType"":14,""protocolIndex"":2},{""modeType"":12,""protocolIndex"":1}]",,,1,,,0,,,1,,,1,,"[{""packageNameList"":[""com.tencent.tmgp.pubgmhd"",""com.netease.hyxd.nearme.gamecenter"",""com.crisisfire.android.nearme.gamecenter"",""com.netease.cfxf.nearme.gamecenter"",""com.tencent.tmgp.cf"",""com.tencent.tmgp.cod"",""com.netease.lztg.nearme.gamecenter"",""com.yingxiong.heroo.nearme.gamecenter"",""com.tencent.ig""],""type"":3},{""type"":0}]",[1],,,,,1,,,,1,,,,,,,,,1,,,,,1,,,5,,,1,,1,,4,,"[0,1]",,,,,,,,,,,,,
064814,OnePlus Buds V,OnePlus,T2,True,00001107-D102-11E1-9B23-00025B00A5A5,14002000,14002000,14002000,14002000,,,,,1,"[{""action"":29,""ear"":2,""showEar"":0,""support"":524288},{""action"":31,""ear"":2,""showEar"":0,""support"":262144}]",,,,"[{""action"":1,""ear"":2,""showEar"":0,""support"":516},{""action"":2,""ear"":2,""showEar"":0,""support"":8805},{""action"":3,""ear"":2,""showEar"":0,""support"":8801},{""action"":6,""ear"":2,""showEar"":1,""support"":4608}]",,1,,1,,,,1,,,,4,"[{""modeType"":11,""protocolIndex"":0},{""modeType"":12,""protocolIndex"":2},{""modeType"":13,""protocolIndex"":1}]",,,1,,,,,,,,,1,,,,,,,,1,,,,1,0,,,,,,,,,,,,,1,,,,,,,,1,,,,,,,,,,,,,,,,,
061414,OnePlus Buds N,OnePlus,T1,True,00001107-D102-11E1-9B23-00025B00A5A5,4001230,3007230,4001230,1002000,,,1,,1,,,,,"[{""action"":1,""ear"":2,""showEar"":0,""support"":516},{""action"":2,""ear"":2,""showEar"":0,""support"":613},{""action"":3,""ear"":2,""showEar"":0,""support"":609},{""action"":6,""ear"":2,""showEar"":1,""support"":4608}]",,1,"[{""control"":[{""action"":1,""ear"":2,""showEar"":0,""support"":516},{""action"":2,""ear"":2,""showEar"":0,""support"":8805},{""action"":3,""ear"":2,""showEar"":0,""support"":8801},{""action"":6,""ear"":2,""showEar"":1,""support"":4608}],""version"":108}]",1,,,,1,,,,4,"[{""modeType"":11,""protocolIndex"":0},{""modeType"":13,""protocolIndex"":3},{""modeType"":14,""protocolIndex"":2},{""modeType"":12,""protocolIndex"":1}]",,,1,,,,,,,,,,"[{""gameMode"":1,""version"":108}]",,,,,,,1,,,,,,,,,,,,,,,,,,,,,,,,,,1,,,,,,,,,,,,,,,,,
065854,OnePlus Nord Buds 3r,OnePlus,T2,True,0000079A-D102-11E1-9B23-00025B00A5A5,15007000,,,,,,1,,1,"[{""action"":29,""defaultFunction"":524288,""ear"":2,""showEar"":0,""support"":524800},{""action"":31,""defaultFunction"":262144,""ear"":2,""showEar"":0,""support"":262656}]",,,1,"[{""action"":1,""ear"":2,""showEar"":0,""support"":516},{""action"":2,""ear"":2,""showEar"":0,""support"":8805},{""action"":3,""ear"":2,""showEar"":0,""support"":8801},{""action"":6,""ear"":2,""showEar"":0,""support"":536}]",,1,,1,,,,1,,,,4,"[{""modeType"":11,""protocolIndex"":0},{""modeType"":14,""protocolIndex"":2},{""modeType"":12,""protocolIndex"":1}]",,,1,,,0,,,1,,,1,,,[1],,,,,1,1,,,1,,,,,,,,,1,,,,,1,,,5,,,1,,1,,4,,"[0,1]",,,,,,,,,,,,,
062C14,OnePlus Nord Buds 2r,OnePlus,T2,True,00001107-D102-11E1-9B23-00025B00A5A5,4007000,4007000,4007000,4007000,,,,,1,"[{""action"":29,""ear"":2,""showEar"":0,""support"":524288},{""action"":31,""ear"":2,""showEar"":0,""support"":262144}]",,,,"[{""action"":1,""ear"":2,""showEar"":0,""support"":516},{""action"":2,""ear"":2,""showEar"":0,""support"":8805},{""action"":3,""ear"":2,""showEar"":0,""support"":8801},{""action"":6,""ear"":2,""showEar"":1,""support"":4608}]",,1,,1,,,,1,,,,4,"[{""modeType"":11,""protocolIndex"":0},{""modeType"":12,""protocolIndex"":2},{""modeType"":13,""protocolIndex"":1}]",,,1,,,,,,,,,1,,,,,,,,1,1,,,1,0,,,,,,,,,,,,,1,,,,,,,,1,,,,,,,,,,,,,,,,,
061C14,OnePlus Nord Buds CE,OnePlus,T2,True,0000079A-D102-11E1-9B23-00025B00A5A5,4001250,3007250,4001250,1002250,,,1,,1,,,,,"[{""action"":1,""ear"":2,""showEar"":0,""support"":516},{""action"":2,""ear"":2,""showEar"":0,""support"":8805},{""action"":3,""ear"":2,""showEar"":0,""support"":8801}]",,1,,,,,,,,,,4,"[{""modeType"":12,""protocolIndex"":1},{""modeType"":17,""protocolIndex"":0},{""modeType"":14,""protocolIndex"":2},{""modeType"":15,""protocolIndex"":3}]",,,1,,,,,,,,,1,,,,,,,,,1,,,,,,,,,,,,,,,,,,,,,,,,,1,,,,,,,,,,,,,,,,,
060414,OnePlus Buds,OnePlus,T1,True,00001107-D102-11E1-9B23-00025B00A5A5,4001000,3007200,4001230,1001000,,,1,,1,,,,,"[{""action"":2,""ear"":2,""showEar"":0,""support"":101}]",,,,1,,,,,,,,,,,,1,,,,,,,,,,,,,,,,,1,,,,,0,,,,,,,,,,,,,,,,,,,,,,,,,,,,,,,,,,,,,,
068414,OnePlus Buds,OnePlus,T1,True,00001107-D102-11E1-9B23-00025B00A5A5,4001000,3007200,4001230,1001000,,,1,,1,,,,,"[{""action"":2,""ear"":2,""showEar"":0,""support"":101}]",,,,,,,,,,,,,,,,1,,,,,,,,,,,,,,,,,1,,,,,0,,,,,,,,,,,,,,,,,,,,,,,,,,,,,,,,,,,,,,
051014,OnePlus Bullets Wireless Z3,OnePlus,N,True,00001107-D102-11E1-9B23-00025B00A5A5,15003000,,,115003000,,,1,1,1,"[{""action"":1,""button"":5,""ear"":2,""showEar"":1,""support"":524288},{""action"":4,""button"":5,""ear"":2,""showEar"":1,""support"":262144}]",,,,"[{""action"":1,""button"":5,""ear"":2,""showEar"":1,""support"":4},{""action"":2,""button"":5,""ear"":2,""showEar"":1,""support"":64},{""action"":3,""button"":5,""ear"":2,""showEar"":1,""support"":32},{""action"":4,""button"":5,""ear"":2,""showEar"":1,""support"":1}]",,1,,,,3,,0,,,,4,"[{""modeType"":11,""protocolIndex"":0},{""modeType"":14,""protocolIndex"":3},{""modeType"":12,""protocolIndex"":1},{""modeType"":13,""protocolIndex"":2,""tag"":0}]",,,1,,,,,,,,,,,,,,,,,,1,,,,,,,,,,50,,,"[{""action"":1,""button"":2,""ear"":2,""showEar"":1,""support"":8},{""action"":1,""button"":3,""ear"":2,""showEar"":1,""support"":16},{""action"":4,""button"":2,""ear"":2,""showEar"":1,""support"":8},{""action"":4,""button"":3,""ear"":2,""showEar"":1,""support"":16}]",,,,,,,,,,,,,,4,,"[0,1]",,,,,,,,,,,,,
050C14,OnePlus BulletsWireless Z2 ANC,OnePlus,N,True,00001107-D102-11E1-9B23-00025B00A5A5,4008000,4008000,4008000,4008000,,,1,1,1,"[{""action"":36,""ear"":2,""showEar"":1,""support"":524288},{""action"":37,""ear"":2,""showEar"":1,""support"":262144}]",,,,"[{""action"":25,""ear"":2,""showEar"":1},{""action"":26,""ear"":2,""showEar"":1,""support"":4608}]",,1,,,,3,,1,,,,4,"[{""modeType"":11,""protocolIndex"":0},{""modeType"":13,""protocolIndex"":2},{""modeType"":14,""protocolIndex"":3},{""modeType"":12,""protocolIndex"":1}]",,,1,,,,,,,1,,,,,,,,,,1,1,,,,,,,,,,50,,,,,"[{""modeType"":5,""protocolIndex"":0},{""modeType"":1,""protocolIndex"":1},{""modeType"":2,""protocolIndex"":2}]",,,,,,,,,,1,,,,,,,,,,,,,,,,,
